2021-09-21-23-30,15 W OLIVE ST:9,HAMILTON SQUARE SHOPPING CTR:1317,1682 N ATHERTON ST:421,THE BENNER PIKE SHOPS:281,WEIS MARKET SHOPPING CTR:10,127 SOUTHRIDGE PLZ:143
2021-09-22-00-00,15 W OLIVE ST:9,HAMILTON SQUARE SHOPPING CTR:1317,1682 N ATHERTON ST:421,THE BENNER PIKE SHOPS:281,WEIS MARKET SHOPPING CTR:10,127 SOUTHRIDGE PLZ:143
2021-09-22-00-30,15 W OLIVE ST:9,HAMILTON SQUARE SHOPPING CTR:1317,1682 N ATHERTON ST:421,THE BENNER PIKE SHOPS:281,WEIS MARKET SHOPPING CTR:10,127 SOUTHRIDGE PLZ:143
2021-09-22-01-00,15 W OLIVE ST:9,HAMILTON SQUARE SHOPPING CTR:1317,1682 N ATHERTON ST:421,THE BENNER PIKE SHOPS:281,WEIS MARKET SHOPPING CTR:10,127 SOUTHRIDGE PLZ:143
2021-09-22-01-30,15 W OLIVE ST:9,HAMILTON SQUARE SHOPPING CTR:1317,1682 N ATHERTON ST:421,THE BENNER PIKE SHOPS:281,WEIS MARKET SHOPPING CTR:10,127 SOUTHRIDGE PLZ:143
2021-09-22-02-00,15 W OLIVE ST:9,HAMILTON SQUARE SHOPPING CTR:1317,1682 N ATHERTON ST:421,THE BENNER PIKE SHOPS:281,WEIS MARKET SHOPPING CTR:10,127 SOUTHRIDGE PLZ:143
2021-09-22-02-30,15 W OLIVE ST:9,HAMILTON SQUARE SHOPPING CTR:1317,1682 N ATHERTON ST:421,THE BENNER PIKE SHOPS:281,WEIS MARKET SHOPPING CTR:10,127 SOUTHRIDGE PLZ:143
2021-09-22-03-00,15 W OLIVE ST:9,HAMILTON SQUARE SHOPPING CTR:1317,1682 N ATHERTON ST:421,THE BENNER PIKE SHOPS:281,WEIS MARKET SHOPPING CTR:10,127 SOUTHRIDGE PLZ:143
2021-09-22-03-30,15 W OLIVE ST:9,HAMILTON SQUARE SHOPPING CTR:1317,1682 N ATHERTON ST:421,THE BENNER PIKE SHOPS:281,WEIS MARKET SHOPPING CTR:10,127 SOUTHRIDGE PLZ:143
2021-09-22-04-00,15 W OLIVE ST:9,HAMILTON SQUARE SHOPPING CTR:1317,1682 N ATHERTON ST:421,THE BENNER PIKE SHOPS:281,WEIS MARKET SHOPPING CTR:10,127 SOUTHRIDGE PLZ:143
2021-09-22-04-30,15 W OLIVE ST:9,HAMILTON SQUARE SHOPPING CTR:1317,1682 N ATHERTON ST:421,THE BENNER PIKE SHOPS:281,WEIS MARKET SHOPPING CTR:10,127 SOUTHRIDGE PLZ:143
2021-09-22-05-00,15 W OLIVE ST:9,HAMILTON SQUARE SHOPPING CTR:1317,1682 N ATHERTON ST:421,THE BENNER PIKE SHOPS:281,WEIS MARKET SHOPPING CTR:10,127 SOUTHRIDGE PLZ:143
2021-09-22-05-30,15 W OLIVE ST:9,HAMILTON SQUARE SHOPPING CTR:1317,1682 N ATHERTON ST:421,THE BENNER PIKE SHOPS:281,WEIS MARKET SHOPPING CTR:10,127 SOUTHRIDGE PLZ:143
2021-09-22-06-00,15 W OLIVE ST:9,HAMILTON SQUARE SHOPPING CTR:1317,1682 N ATHERTON ST:421,THE BENNER PIKE SHOPS:281,WEIS MARKET SHOPPING CTR:10,127 SOUTHRIDGE PLZ:143
2021-09-22-06-30,15 W OLIVE ST:9,HAMILTON SQUARE SHOPPING CTR:1317,1682 N ATHERTON ST:421,THE BENNER PIKE SHOPS:281,WEIS MARKET SHOPPING CTR:10,127 SOUTHRIDGE PLZ:143
2021-09-22-07-00,15 W OLIVE ST:8,HAMILTON SQUARE SHOPPING CTR:1298,1682 N ATHERTON ST:409,THE BENNER PIKE SHOPS:276,WEIS MARKET SHOPPING CTR:4,127 SOUTHRIDGE PLZ:138
2021-09-22-07-30,15 W OLIVE ST:8,HAMILTON SQUARE SHOPPING CTR:1298,1682 N ATHERTON ST:409,THE BENNER PIKE SHOPS:276,WEIS MARKET SHOPPING CTR:4,127 SOUTHRIDGE PLZ:138
2021-09-22-08-00,15 W OLIVE ST:8,HAMILTON SQUARE SHOPPING CTR:1298,1682 N ATHERTON ST:409,THE BENNER PIKE SHOPS:276,WEIS MARKET SHOPPING CTR:4,127 SOUTHRIDGE PLZ:138
2021-09-22-08-30,15 W OLIVE ST:8,HAMILTON SQUARE SHOPPING CTR:1298,1682 N ATHERTON ST:409,THE BENNER PIKE SHOPS:276,WEIS MARKET SHOPPING CTR:4,127 SOUTHRIDGE PLZ:138
2021-09-22-09-00,15 W OLIVE ST:8,HAMILTON SQUARE SHOPPING CTR:1298,1682 N ATHERTON ST:409,THE BENNER PIKE SHOPS:276,WEIS MARKET SHOPPING CTR:4,127 SOUTHRIDGE PLZ:138
2021-09-22-09-30,15 W OLIVE ST:8,HAMILTON SQUARE SHOPPING CTR:1298,1682 N ATHERTON ST:409,THE BENNER PIKE SHOPS:276,WEIS MARKET SHOPPING CTR:4,127 SOUTHRIDGE PLZ:138
2021-09-22-10-00,15 W OLIVE ST:8,HAMILTON SQUARE SHOPPING CTR:1298,1682 N ATHERTON ST:409,THE BENNER PIKE SHOPS:276,WEIS MARKET SHOPPING CTR:4,127 SOUTHRIDGE PLZ:138
2021-09-22-10-30,15 W OLIVE ST:8,HAMILTON SQUARE SHOPPING CTR:1298,1682 N ATHERTON ST:409,THE BENNER PIKE SHOPS:276,WEIS MARKET SHOPPING CTR:4,127 SOUTHRIDGE PLZ:138
2021-09-22-11-00,15 W OLIVE ST:8,HAMILTON SQUARE SHOPPING CTR:1298,1682 N ATHERTON ST:409,THE BENNER PIKE SHOPS:276,WEIS MARKET SHOPPING CTR:4,127 SOUTHRIDGE PLZ:138
2021-09-22-11-30,15 W OLIVE ST:8,HAMILTON SQUARE SHOPPING CTR:1298,1682 N ATHERTON ST:409,THE BENNER PIKE SHOPS:276,WEIS MARKET SHOPPING CTR:4,127 SOUTHRIDGE PLZ:138
2021-09-22-12-00,15 W OLIVE ST:8,HAMILTON SQUARE SHOPPING CTR:1298,1682 N ATHERTON ST:409,THE BENNER PIKE SHOPS:276,WEIS MARKET SHOPPING CTR:4,127 SOUTHRIDGE PLZ:138
2021-09-22-12-30,15 W OLIVE ST:8,HAMILTON SQUARE SHOPPING CTR:1298,1682 N ATHERTON ST:409,THE BENNER PIKE SHOPS:276,WEIS MARKET SHOPPING CTR:4,127 SOUTHRIDGE PLZ:138
2021-09-22-13-00,15 W OLIVE ST:8,HAMILTON SQUARE SHOPPING CTR:1298,1682 N ATHERTON ST:409,THE BENNER PIKE SHOPS:276,WEIS MARKET SHOPPING CTR:4,127 SOUTHRIDGE PLZ:138
2021-09-22-13-30,15 W OLIVE ST:8,HAMILTON SQUARE SHOPPING CTR:1298,1682 N ATHERTON ST:409,THE BENNER PIKE SHOPS:276,WEIS MARKET SHOPPING CTR:4,127 SOUTHRIDGE PLZ:138
2021-09-22-14-00,15 W OLIVE ST:8,HAMILTON SQUARE SHOPPING CTR:1298,1682 N ATHERTON ST:409,THE BENNER PIKE SHOPS:276,WEIS MARKET SHOPPING CTR:4,127 SOUTHRIDGE PLZ:138
2021-09-22-14-30,15 W OLIVE ST:8,HAMILTON SQUARE SHOPPING CTR:1298,1682 N ATHERTON ST:409,THE BENNER PIKE SHOPS:276,WEIS MARKET SHOPPING CTR:4,127 SOUTHRIDGE PLZ:138
2021-09-22-15-00,15 W OLIVE ST:8,HAMILTON SQUARE SHOPPING CTR:1298,1682 N ATHERTON ST:409,THE BENNER PIKE SHOPS:276,WEIS MARKET SHOPPING CTR:4,127 SOUTHRIDGE PLZ:138
2021-09-22-15-30,15 W OLIVE ST:8,HAMILTON SQUARE SHOPPING CTR:1298,1682 N ATHERTON ST:409,THE BENNER PIKE SHOPS:276,WEIS MARKET SHOPPING CTR:4,127 SOUTHRIDGE PLZ:138
2021-09-22-16-00,15 W OLIVE ST:8,HAMILTON SQUARE SHOPPING CTR:1298,1682 N ATHERTON ST:409,THE BENNER PIKE SHOPS:276,WEIS MARKET SHOPPING CTR:4,127 SOUTHRIDGE PLZ:138
2021-09-22-16-30,15 W OLIVE ST:8,HAMILTON SQUARE SHOPPING CTR:1298,1682 N ATHERTON ST:409,THE BENNER PIKE SHOPS:276,WEIS MARKET SHOPPING CTR:4,127 SOUTHRIDGE PLZ:138
2021-09-22-17-00,15 W OLIVE ST:8,HAMILTON SQUARE SHOPPING CTR:1298,1682 N ATHERTON ST:409,THE BENNER PIKE SHOPS:276,WEIS MARKET SHOPPING CTR:4,127 SOUTHRIDGE PLZ:138
2021-09-22-17-30,15 W OLIVE ST:8,HAMILTON SQUARE SHOPPING CTR:1298,1682 N ATHERTON ST:409,THE BENNER PIKE SHOPS:276,WEIS MARKET SHOPPING CTR:4,127 SOUTHRIDGE PLZ:138
2021-09-22-18-00,15 W OLIVE ST:8,HAMILTON SQUARE SHOPPING CTR:1298,1682 N ATHERTON ST:409,THE BENNER PIKE SHOPS:276,WEIS MARKET SHOPPING CTR:4,127 SOUTHRIDGE PLZ:138
2021-09-22-18-30,15 W OLIVE ST:8,HAMILTON SQUARE SHOPPING CTR:1298,1682 N ATHERTON ST:409,THE BENNER PIKE SHOPS:276,WEIS MARKET SHOPPING CTR:4,127 SOUTHRIDGE PLZ:138
2021-09-22-19-00,15 W OLIVE ST:8,HAMILTON SQUARE SHOPPING CTR:1298,1682 N ATHERTON ST:409,THE BENNER PIKE SHOPS:276,WEIS MARKET SHOPPING CTR:4,127 SOUTHRIDGE PLZ:138
2021-09-22-19-30,15 W OLIVE ST:8,HAMILTON SQUARE SHOPPING CTR:1298,1682 N ATHERTON ST:409,THE BENNER PIKE SHOPS:276,WEIS MARKET SHOPPING CTR:4,127 SOUTHRIDGE PLZ:138
2021-09-22-20-00,15 W OLIVE ST:8,HAMILTON SQUARE SHOPPING CTR:1298,1682 N ATHERTON ST:409,THE BENNER PIKE SHOPS:276,WEIS MARKET SHOPPING CTR:4,127 SOUTHRIDGE PLZ:138
2021-09-22-20-30,15 W OLIVE ST:8,HAMILTON SQUARE SHOPPING CTR:1298,1682 N ATHERTON ST:409,THE BENNER PIKE SHOPS:276,WEIS MARKET SHOPPING CTR:4,127 SOUTHRIDGE PLZ:138
2021-09-22-21-00,15 W OLIVE ST:8,HAMILTON SQUARE SHOPPING CTR:1298,1682 N ATHERTON ST:409,THE BENNER PIKE SHOPS:276,WEIS MARKET SHOPPING CTR:4,127 SOUTHRIDGE PLZ:138
2021-09-22-21-30,15 W OLIVE ST:8,HAMILTON SQUARE SHOPPING CTR:1298,1682 N ATHERTON ST:409,THE BENNER PIKE SHOPS:276,WEIS MARKET SHOPPING CTR:4,127 SOUTHRIDGE PLZ:138
2021-09-22-22-00,15 W OLIVE ST:8,HAMILTON SQUARE SHOPPING CTR:1298,1682 N ATHERTON ST:409,THE BENNER PIKE SHOPS:276,WEIS MARKET SHOPPING CTR:4,127 SOUTHRIDGE PLZ:138
2021-09-22-22-30,15 W OLIVE ST:8,HAMILTON SQUARE SHOPPING CTR:1298,1682 N ATHERTON ST:409,THE BENNER PIKE SHOPS:276,WEIS MARKET SHOPPING CTR:4,127 SOUTHRIDGE PLZ:138
2021-09-22-23-00,15 W OLIVE ST:8,HAMILTON SQUARE SHOPPING CTR:1298,1682 N ATHERTON ST:409,THE BENNER PIKE SHOPS:276,WEIS MARKET SHOPPING CTR:4,127 SOUTHRIDGE PLZ:138
2021-09-22-23-30,15 W OLIVE ST:8,HAMILTON SQUARE SHOPPING CTR:1298,1682 N ATHERTON ST:409,THE BENNER PIKE SHOPS:276,WEIS MARKET SHOPPING CTR:4,127 SOUTHRIDGE PLZ:138
2021-09-23-00-00,15 W OLIVE ST:8,HAMILTON SQUARE SHOPPING CTR:1298,1682 N ATHERTON ST:409,THE BENNER PIKE SHOPS:276,WEIS MARKET SHOPPING CTR:4,127 SOUTHRIDGE PLZ:138
2021-09-23-00-30,15 W OLIVE ST:8,HAMILTON SQUARE SHOPPING CTR:1298,1682 N ATHERTON ST:409,THE BENNER PIKE SHOPS:276,WEIS MARKET SHOPPING CTR:4,127 SOUTHRIDGE PLZ:138
2021-09-23-01-00,:
2021-09-23-01-30,:
2021-09-23-02-00,:
2021-09-23-02-30,:
2021-09-23-03-00,:
2021-09-23-03-30,:
2021-09-23-04-00,:
2021-09-23-04-30,:
2021-09-23-05-00,:
2021-09-23-05-30,:
2021-09-23-06-00,:
2021-09-23-06-30,:
2021-09-23-07-00,:
2021-09-23-07-30,:
2021-09-23-08-00,:
2021-09-23-08-30,:
2021-09-23-09-00,:
2021-09-23-09-30,:
2021-09-23-10-00,:
2021-09-23-10-30,:
2021-09-23-11-00,:
2021-09-23-11-30,:
2021-09-23-12-00,:
2021-09-23-12-30,:
2021-09-23-12-49,15 W OLIVE ST:8,HAMILTON SQUARE SHOPPING CTR:1246,1682 N ATHERTON ST:382,THE BENNER PIKE SHOPS:274,127 SOUTHRIDGE PLZ:138
2021-09-23-13-00,15 W OLIVE ST:8,HAMILTON SQUARE SHOPPING CTR:1246,1682 N ATHERTON ST:382,THE BENNER PIKE SHOPS:274,127 SOUTHRIDGE PLZ:138
2021-09-23-13-30,15 W OLIVE ST:8,HAMILTON SQUARE SHOPPING CTR:1246,1682 N ATHERTON ST:382,THE BENNER PIKE SHOPS:274,127 SOUTHRIDGE PLZ:138
2021-09-23-14-00,15 W OLIVE ST:8,HAMILTON SQUARE SHOPPING CTR:1246,1682 N ATHERTON ST:382,THE BENNER PIKE SHOPS:274,127 SOUTHRIDGE PLZ:138
2021-09-23-14-30,15 W OLIVE ST:8,HAMILTON SQUARE SHOPPING CTR:1246,1682 N ATHERTON ST:382,THE BENNER PIKE SHOPS:274,127 SOUTHRIDGE PLZ:138
2021-09-23-15-00,15 W OLIVE ST:8,HAMILTON SQUARE SHOPPING CTR:1246,1682 N ATHERTON ST:382,THE BENNER PIKE SHOPS:274,127 SOUTHRIDGE PLZ:138
2021-09-23-15-30,15 W OLIVE ST:8,HAMILTON SQUARE SHOPPING CTR:1246,1682 N ATHERTON ST:382,THE BENNER PIKE SHOPS:274,127 SOUTHRIDGE PLZ:138
2021-09-23-16-00,15 W OLIVE ST:8,HAMILTON SQUARE SHOPPING CTR:1246,1682 N ATHERTON ST:382,THE BENNER PIKE SHOPS:274,127 SOUTHRIDGE PLZ:138
2021-09-23-16-30,15 W OLIVE ST:8,HAMILTON SQUARE SHOPPING CTR:1246,1682 N ATHERTON ST:382,THE BENNER PIKE SHOPS:274,127 SOUTHRIDGE PLZ:138
2021-09-23-17-00,15 W OLIVE ST:8,HAMILTON SQUARE SHOPPING CTR:1246,1682 N ATHERTON ST:382,THE BENNER PIKE SHOPS:274,127 SOUTHRIDGE PLZ:138
2021-09-23-17-30,15 W OLIVE ST:8,HAMILTON SQUARE SHOPPING CTR:1246,1682 N ATHERTON ST:382,THE BENNER PIKE SHOPS:274,127 SOUTHRIDGE PLZ:138
2021-09-23-18-00,15 W OLIVE ST:8,HAMILTON SQUARE SHOPPING CTR:1246,1682 N ATHERTON ST:382,THE BENNER PIKE SHOPS:274,127 SOUTHRIDGE PLZ:138
2021-09-23-18-30,15 W OLIVE ST:8,HAMILTON SQUARE SHOPPING CTR:1246,1682 N ATHERTON ST:382,THE BENNER PIKE SHOPS:274,127 SOUTHRIDGE PLZ:138
2021-09-23-19-00,15 W OLIVE ST:8,HAMILTON SQUARE SHOPPING CTR:1246,1682 N ATHERTON ST:382,THE BENNER PIKE SHOPS:274,127 SOUTHRIDGE PLZ:138
2021-09-23-19-30,15 W OLIVE ST:8,HAMILTON SQUARE SHOPPING CTR:1246,1682 N ATHERTON ST:382,THE BENNER PIKE SHOPS:274,127 SOUTHRIDGE PLZ:138
2021-09-23-20-00,15 W OLIVE ST:8,HAMILTON SQUARE SHOPPING CTR:1246,1682 N ATHERTON ST:382,THE BENNER PIKE SHOPS:274,127 SOUTHRIDGE PLZ:138
2021-09-23-20-30,15 W OLIVE ST:8,HAMILTON SQUARE SHOPPING CTR:1246,1682 N ATHERTON ST:382,THE BENNER PIKE SHOPS:274,127 SOUTHRIDGE PLZ:138
2021-09-23-21-00,15 W OLIVE ST:8,HAMILTON SQUARE SHOPPING CTR:1246,1682 N ATHERTON ST:382,THE BENNER PIKE SHOPS:274,127 SOUTHRIDGE PLZ:138
2021-09-23-21-30,15 W OLIVE ST:8,HAMILTON SQUARE SHOPPING CTR:1246,1682 N ATHERTON ST:382,THE BENNER PIKE SHOPS:274,127 SOUTHRIDGE PLZ:138
2021-09-23-22-00,15 W OLIVE ST:8,HAMILTON SQUARE SHOPPING CTR:1246,1682 N ATHERTON ST:382,THE BENNER PIKE SHOPS:274,127 SOUTHRIDGE PLZ:138
2021-09-23-22-30,15 W OLIVE ST:8,HAMILTON SQUARE SHOPPING CTR:1246,1682 N ATHERTON ST:382,THE BENNER PIKE SHOPS:274,127 SOUTHRIDGE PLZ:138
2021-09-23-23-00,15 W OLIVE ST:8,HAMILTON SQUARE SHOPPING CTR:1246,1682 N ATHERTON ST:382,THE BENNER PIKE SHOPS:274,127 SOUTHRIDGE PLZ:138
2021-09-23-23-30,15 W OLIVE ST:8,HAMILTON SQUARE SHOPPING CTR:1246,1682 N ATHERTON ST:382,THE BENNER PIKE SHOPS:274,127 SOUTHRIDGE PLZ:138
2021-09-24-00-00,15 W OLIVE ST:8,HAMILTON SQUARE SHOPPING CTR:1246,1682 N ATHERTON ST:382,THE BENNER PIKE SHOPS:274,127 SOUTHRIDGE PLZ:138
2021-09-24-00-30,15 W OLIVE ST:8,HAMILTON SQUARE SHOPPING CTR:1246,1682 N ATHERTON ST:382,THE BENNER PIKE SHOPS:274,127 SOUTHRIDGE PLZ:138
2021-09-24-01-00,15 W OLIVE ST:8,HAMILTON SQUARE SHOPPING CTR:1246,1682 N ATHERTON ST:382,THE BENNER PIKE SHOPS:274,127 SOUTHRIDGE PLZ:138
2021-09-24-01-30,15 W OLIVE ST:8,HAMILTON SQUARE SHOPPING CTR:1246,1682 N ATHERTON ST:382,THE BENNER PIKE SHOPS:274,127 SOUTHRIDGE PLZ:138
2021-09-24-02-00,15 W OLIVE ST:8,HAMILTON SQUARE SHOPPING CTR:1246,1682 N ATHERTON ST:382,THE BENNER PIKE SHOPS:274,127 SOUTHRIDGE PLZ:138
2021-09-24-02-30,15 W OLIVE ST:8,HAMILTON SQUARE SHOPPING CTR:1246,1682 N ATHERTON ST:382,THE BENNER PIKE SHOPS:274,127 SOUTHRIDGE PLZ:138
2021-09-24-03-00,15 W OLIVE ST:8,HAMILTON SQUARE SHOPPING CTR:1246,1682 N ATHERTON ST:382,THE BENNER PIKE SHOPS:274,127 SOUTHRIDGE PLZ:138
2021-09-24-03-30,15 W OLIVE ST:8,HAMILTON SQUARE SHOPPING CTR:1246,1682 N ATHERTON ST:382,THE BENNER PIKE SHOPS:274,127 SOUTHRIDGE PLZ:138
2021-09-24-04-00,15 W OLIVE ST:8,HAMILTON SQUARE SHOPPING CTR:1246,1682 N ATHERTON ST:382,THE BENNER PIKE SHOPS:274,127 SOUTHRIDGE PLZ:138
2021-09-24-04-30,15 W OLIVE ST:8,HAMILTON SQUARE SHOPPING CTR:1246,1682 N ATHERTON ST:382,THE BENNER PIKE SHOPS:274,127 SOUTHRIDGE PLZ:138
2021-09-24-05-00,15 W OLIVE ST:8,HAMILTON SQUARE SHOPPING CTR:1246,1682 N ATHERTON ST:382,THE BENNER PIKE SHOPS:274,127 SOUTHRIDGE PLZ:138
2021-09-24-05-30,15 W OLIVE ST:8,HAMILTON SQUARE SHOPPING CTR:1246,1682 N ATHERTON ST:382,THE BENNER PIKE SHOPS:274,127 SOUTHRIDGE PLZ:138
2021-09-24-06-00,15 W OLIVE ST:8,HAMILTON SQUARE SHOPPING CTR:1246,1682 N ATHERTON ST:382,THE BENNER PIKE SHOPS:274,127 SOUTHRIDGE PLZ:138
2021-09-24-06-30,15 W OLIVE ST:8,HAMILTON SQUARE SHOPPING CTR:1246,1682 N ATHERTON ST:382,THE BENNER PIKE SHOPS:274,127 SOUTHRIDGE PLZ:138
2021-09-24-07-00,15 W OLIVE ST:8,HAMILTON SQUARE SHOPPING CTR:1103,1682 N ATHERTON ST:422,THE BENNER PIKE SHOPS:263,WEIS MARKET SHOPPING CTR:54,127 SOUTHRIDGE PLZ:212
2021-09-24-07-30,15 W OLIVE ST:8,HAMILTON SQUARE SHOPPING CTR:1103,1682 N ATHERTON ST:422,THE BENNER PIKE SHOPS:263,WEIS MARKET SHOPPING CTR:54,127 SOUTHRIDGE PLZ:212
2021-09-24-08-00,15 W OLIVE ST:8,HAMILTON SQUARE SHOPPING CTR:1103,1682 N ATHERTON ST:422,THE BENNER PIKE SHOPS:263,WEIS MARKET SHOPPING CTR:54,127 SOUTHRIDGE PLZ:212
2021-09-24-08-30,15 W OLIVE ST:8,HAMILTON SQUARE SHOPPING CTR:1103,1682 N ATHERTON ST:422,THE BENNER PIKE SHOPS:263,WEIS MARKET SHOPPING CTR:54,127 SOUTHRIDGE PLZ:212
2021-09-24-09-00,15 W OLIVE ST:8,HAMILTON SQUARE SHOPPING CTR:1103,1682 N ATHERTON ST:422,THE BENNER PIKE SHOPS:263,WEIS MARKET SHOPPING CTR:54,127 SOUTHRIDGE PLZ:212
2021-09-24-09-30,15 W OLIVE ST:8,HAMILTON SQUARE SHOPPING CTR:1103,1682 N ATHERTON ST:422,THE BENNER PIKE SHOPS:263,WEIS MARKET SHOPPING CTR:54,127 SOUTHRIDGE PLZ:212
2021-09-24-10-00,15 W OLIVE ST:8,HAMILTON SQUARE SHOPPING CTR:1103,1682 N ATHERTON ST:422,THE BENNER PIKE SHOPS:263,WEIS MARKET SHOPPING CTR:54,127 SOUTHRIDGE PLZ:212
2021-09-24-10-30,15 W OLIVE ST:8,HAMILTON SQUARE SHOPPING CTR:1103,1682 N ATHERTON ST:422,THE BENNER PIKE SHOPS:263,WEIS MARKET SHOPPING CTR:54,127 SOUTHRIDGE PLZ:212
2021-09-24-11-00,15 W OLIVE ST:8,HAMILTON SQUARE SHOPPING CTR:1103,1682 N ATHERTON ST:422,THE BENNER PIKE SHOPS:263,WEIS MARKET SHOPPING CTR:54,127 SOUTHRIDGE PLZ:212
2021-09-24-11-30,15 W OLIVE ST:8,HAMILTON SQUARE SHOPPING CTR:1103,1682 N ATHERTON ST:422,THE BENNER PIKE SHOPS:263,WEIS MARKET SHOPPING CTR:54,127 SOUTHRIDGE PLZ:212
2021-09-24-12-00,15 W OLIVE ST:8,HAMILTON SQUARE SHOPPING CTR:1103,1682 N ATHERTON ST:422,THE BENNER PIKE SHOPS:263,WEIS MARKET SHOPPING CTR:54,127 SOUTHRIDGE PLZ:212
2021-09-24-12-30,15 W OLIVE ST:8,HAMILTON SQUARE SHOPPING CTR:1103,1682 N ATHERTON ST:422,THE BENNER PIKE SHOPS:263,WEIS MARKET SHOPPING CTR:54,127 SOUTHRIDGE PLZ:212
2021-09-24-13-00,15 W OLIVE ST:8,HAMILTON SQUARE SHOPPING CTR:1103,1682 N ATHERTON ST:422,THE BENNER PIKE SHOPS:263,WEIS MARKET SHOPPING CTR:54,127 SOUTHRIDGE PLZ:212
2021-09-24-13-30,15 W OLIVE ST:8,HAMILTON SQUARE SHOPPING CTR:1103,1682 N ATHERTON ST:422,THE BENNER PIKE SHOPS:263,WEIS MARKET SHOPPING CTR:54,127 SOUTHRIDGE PLZ:212
2021-09-24-14-00,15 W OLIVE ST:8,HAMILTON SQUARE SHOPPING CTR:1103,1682 N ATHERTON ST:422,THE BENNER PIKE SHOPS:263,WEIS MARKET SHOPPING CTR:54,127 SOUTHRIDGE PLZ:212
2021-09-24-14-30,15 W OLIVE ST:8,HAMILTON SQUARE SHOPPING CTR:1103,1682 N ATHERTON ST:422,THE BENNER PIKE SHOPS:263,WEIS MARKET SHOPPING CTR:54,127 SOUTHRIDGE PLZ:212
2021-09-24-15-00,15 W OLIVE ST:8,HAMILTON SQUARE SHOPPING CTR:1103,1682 N ATHERTON ST:422,THE BENNER PIKE SHOPS:263,WEIS MARKET SHOPPING CTR:54,127 SOUTHRIDGE PLZ:212
2021-09-24-15-30,15 W OLIVE ST:8,HAMILTON SQUARE SHOPPING CTR:1103,1682 N ATHERTON ST:422,THE BENNER PIKE SHOPS:263,WEIS MARKET SHOPPING CTR:54,127 SOUTHRIDGE PLZ:212
2021-09-24-16-00,15 W OLIVE ST:8,HAMILTON SQUARE SHOPPING CTR:1103,1682 N ATHERTON ST:422,THE BENNER PIKE SHOPS:263,WEIS MARKET SHOPPING CTR:54,127 SOUTHRIDGE PLZ:212
2021-09-24-16-30,15 W OLIVE ST:8,HAMILTON SQUARE SHOPPING CTR:1103,1682 N ATHERTON ST:422,THE BENNER PIKE SHOPS:263,WEIS MARKET SHOPPING CTR:54,127 SOUTHRIDGE PLZ:212
2021-09-24-17-00,15 W OLIVE ST:8,HAMILTON SQUARE SHOPPING CTR:1103,1682 N ATHERTON ST:422,THE BENNER PIKE SHOPS:263,WEIS MARKET SHOPPING CTR:54,127 SOUTHRIDGE PLZ:212
2021-09-24-17-30,15 W OLIVE ST:8,HAMILTON SQUARE SHOPPING CTR:1103,1682 N ATHERTON ST:422,THE BENNER PIKE SHOPS:263,WEIS MARKET SHOPPING CTR:54,127 SOUTHRIDGE PLZ:212
2021-09-24-18-00,15 W OLIVE ST:8,HAMILTON SQUARE SHOPPING CTR:1103,1682 N ATHERTON ST:422,THE BENNER PIKE SHOPS:263,WEIS MARKET SHOPPING CTR:54,127 SOUTHRIDGE PLZ:212
2021-09-24-18-30,15 W OLIVE ST:8,HAMILTON SQUARE SHOPPING CTR:1103,1682 N ATHERTON ST:422,THE BENNER PIKE SHOPS:263,WEIS MARKET SHOPPING CTR:54,127 SOUTHRIDGE PLZ:212
2021-09-24-19-00,15 W OLIVE ST:8,HAMILTON SQUARE SHOPPING CTR:1103,1682 N ATHERTON ST:422,THE BENNER PIKE SHOPS:263,WEIS MARKET SHOPPING CTR:54,127 SOUTHRIDGE PLZ:212
2021-09-24-19-30,15 W OLIVE ST:8,HAMILTON SQUARE SHOPPING CTR:1103,1682 N ATHERTON ST:422,THE BENNER PIKE SHOPS:263,WEIS MARKET SHOPPING CTR:54,127 SOUTHRIDGE PLZ:212
2021-09-24-20-00,15 W OLIVE ST:8,HAMILTON SQUARE SHOPPING CTR:1103,1682 N ATHERTON ST:422,THE BENNER PIKE SHOPS:263,WEIS MARKET SHOPPING CTR:54,127 SOUTHRIDGE PLZ:212
2021-09-24-20-30,15 W OLIVE ST:8,HAMILTON SQUARE SHOPPING CTR:1103,1682 N ATHERTON ST:422,THE BENNER PIKE SHOPS:263,WEIS MARKET SHOPPING CTR:54,127 SOUTHRIDGE PLZ:212
2021-09-24-21-00,15 W OLIVE ST:8,HAMILTON SQUARE SHOPPING CTR:1103,1682 N ATHERTON ST:422,THE BENNER PIKE SHOPS:263,WEIS MARKET SHOPPING CTR:54,127 SOUTHRIDGE PLZ:212
2021-09-24-21-30,15 W OLIVE ST:8,HAMILTON SQUARE SHOPPING CTR:1103,1682 N ATHERTON ST:422,THE BENNER PIKE SHOPS:263,WEIS MARKET SHOPPING CTR:54,127 SOUTHRIDGE PLZ:212
2021-09-24-22-00,15 W OLIVE ST:8,HAMILTON SQUARE SHOPPING CTR:1103,1682 N ATHERTON ST:422,THE BENNER PIKE SHOPS:263,WEIS MARKET SHOPPING CTR:54,127 SOUTHRIDGE PLZ:212
2021-09-24-22-30,15 W OLIVE ST:8,HAMILTON SQUARE SHOPPING CTR:1103,1682 N ATHERTON ST:422,THE BENNER PIKE SHOPS:263,WEIS MARKET SHOPPING CTR:54,127 SOUTHRIDGE PLZ:212
2021-09-24-23-00,15 W OLIVE ST:8,HAMILTON SQUARE SHOPPING CTR:1103,1682 N ATHERTON ST:422,THE BENNER PIKE SHOPS:263,WEIS MARKET SHOPPING CTR:54,127 SOUTHRIDGE PLZ:212
2021-09-24-23-30,15 W OLIVE ST:8,HAMILTON SQUARE SHOPPING CTR:1103,1682 N ATHERTON ST:422,THE BENNER PIKE SHOPS:263,WEIS MARKET SHOPPING CTR:54,127 SOUTHRIDGE PLZ:212
2021-09-25-00-00,15 W OLIVE ST:8,HAMILTON SQUARE SHOPPING CTR:1103,1682 N ATHERTON ST:422,THE BENNER PIKE SHOPS:263,WEIS MARKET SHOPPING CTR:54,127 SOUTHRIDGE PLZ:212
2021-09-25-00-30,15 W OLIVE ST:8,HAMILTON SQUARE SHOPPING CTR:1103,1682 N ATHERTON ST:422,THE BENNER PIKE SHOPS:263,WEIS MARKET SHOPPING CTR:54,127 SOUTHRIDGE PLZ:212
2021-09-25-01-00,15 W OLIVE ST:8,HAMILTON SQUARE SHOPPING CTR:1103,1682 N ATHERTON ST:422,THE BENNER PIKE SHOPS:263,WEIS MARKET SHOPPING CTR:54,127 SOUTHRIDGE PLZ:212
2021-09-25-01-30,15 W OLIVE ST:8,HAMILTON SQUARE SHOPPING CTR:1103,1682 N ATHERTON ST:422,THE BENNER PIKE SHOPS:263,WEIS MARKET SHOPPING CTR:54,127 SOUTHRIDGE PLZ:212
2021-09-25-02-00,15 W OLIVE ST:8,HAMILTON SQUARE SHOPPING CTR:1103,1682 N ATHERTON ST:422,THE BENNER PIKE SHOPS:263,WEIS MARKET SHOPPING CTR:54,127 SOUTHRIDGE PLZ:212
2021-09-25-02-30,15 W OLIVE ST:8,HAMILTON SQUARE SHOPPING CTR:1103,1682 N ATHERTON ST:422,THE BENNER PIKE SHOPS:263,WEIS MARKET SHOPPING CTR:54,127 SOUTHRIDGE PLZ:212
2021-09-25-03-00,15 W OLIVE ST:8,HAMILTON SQUARE SHOPPING CTR:1103,1682 N ATHERTON ST:422,THE BENNER PIKE SHOPS:263,WEIS MARKET SHOPPING CTR:54,127 SOUTHRIDGE PLZ:212
2021-09-25-03-30,15 W OLIVE ST:8,HAMILTON SQUARE SHOPPING CTR:1103,1682 N ATHERTON ST:422,THE BENNER PIKE SHOPS:263,WEIS MARKET SHOPPING CTR:54,127 SOUTHRIDGE PLZ:212
2021-09-25-04-00,15 W OLIVE ST:8,HAMILTON SQUARE SHOPPING CTR:1103,1682 N ATHERTON ST:422,THE BENNER PIKE SHOPS:263,WEIS MARKET SHOPPING CTR:54,127 SOUTHRIDGE PLZ:212
2021-09-25-04-30,15 W OLIVE ST:8,HAMILTON SQUARE SHOPPING CTR:1103,1682 N ATHERTON ST:422,THE BENNER PIKE SHOPS:263,WEIS MARKET SHOPPING CTR:54,127 SOUTHRIDGE PLZ:212
2021-09-25-05-00,15 W OLIVE ST:8,HAMILTON SQUARE SHOPPING CTR:1103,1682 N ATHERTON ST:422,THE BENNER PIKE SHOPS:263,WEIS MARKET SHOPPING CTR:54,127 SOUTHRIDGE PLZ:212
2021-09-25-05-30,15 W OLIVE ST:8,HAMILTON SQUARE SHOPPING CTR:1103,1682 N ATHERTON ST:422,THE BENNER PIKE SHOPS:263,WEIS MARKET SHOPPING CTR:54,127 SOUTHRIDGE PLZ:212
2021-09-25-06-00,15 W OLIVE ST:8,HAMILTON SQUARE SHOPPING CTR:1103,1682 N ATHERTON ST:422,THE BENNER PIKE SHOPS:263,WEIS MARKET SHOPPING CTR:54,127 SOUTHRIDGE PLZ:212
2021-09-25-06-30,15 W OLIVE ST:8,HAMILTON SQUARE SHOPPING CTR:1103,1682 N ATHERTON ST:422,THE BENNER PIKE SHOPS:263,WEIS MARKET SHOPPING CTR:54,127 SOUTHRIDGE PLZ:212
2021-09-25-07-00,15 W OLIVE ST:8,HAMILTON SQUARE SHOPPING CTR:952,1682 N ATHERTON ST:333,THE BENNER PIKE SHOPS:234,WEIS MARKET SHOPPING CTR:48,127 SOUTHRIDGE PLZ:196
2021-09-25-07-30,15 W OLIVE ST:8,HAMILTON SQUARE SHOPPING CTR:952,1682 N ATHERTON ST:333,THE BENNER PIKE SHOPS:234,WEIS MARKET SHOPPING CTR:48,127 SOUTHRIDGE PLZ:196
2021-09-25-08-00,15 W OLIVE ST:8,HAMILTON SQUARE SHOPPING CTR:952,1682 N ATHERTON ST:333,THE BENNER PIKE SHOPS:234,WEIS MARKET SHOPPING CTR:48,127 SOUTHRIDGE PLZ:196
2021-09-25-08-30,15 W OLIVE ST:8,HAMILTON SQUARE SHOPPING CTR:952,1682 N ATHERTON ST:333,THE BENNER PIKE SHOPS:234,WEIS MARKET SHOPPING CTR:48,127 SOUTHRIDGE PLZ:196
2021-09-25-09-00,15 W OLIVE ST:8,HAMILTON SQUARE SHOPPING CTR:952,1682 N ATHERTON ST:333,THE BENNER PIKE SHOPS:234,WEIS MARKET SHOPPING CTR:48,127 SOUTHRIDGE PLZ:196
2021-09-25-09-30,15 W OLIVE ST:8,HAMILTON SQUARE SHOPPING CTR:952,1682 N ATHERTON ST:333,THE BENNER PIKE SHOPS:234,WEIS MARKET SHOPPING CTR:48,127 SOUTHRIDGE PLZ:196
2021-09-25-10-00,15 W OLIVE ST:8,HAMILTON SQUARE SHOPPING CTR:952,1682 N ATHERTON ST:333,THE BENNER PIKE SHOPS:234,WEIS MARKET SHOPPING CTR:48,127 SOUTHRIDGE PLZ:196
2021-09-25-10-30,15 W OLIVE ST:8,HAMILTON SQUARE SHOPPING CTR:952,1682 N ATHERTON ST:333,THE BENNER PIKE SHOPS:234,WEIS MARKET SHOPPING CTR:48,127 SOUTHRIDGE PLZ:196
2021-09-25-11-00,15 W OLIVE ST:8,HAMILTON SQUARE SHOPPING CTR:952,1682 N ATHERTON ST:333,THE BENNER PIKE SHOPS:234,WEIS MARKET SHOPPING CTR:48,127 SOUTHRIDGE PLZ:196
2021-09-25-11-30,15 W OLIVE ST:8,HAMILTON SQUARE SHOPPING CTR:952,1682 N ATHERTON ST:333,THE BENNER PIKE SHOPS:234,WEIS MARKET SHOPPING CTR:48,127 SOUTHRIDGE PLZ:196
2021-09-25-12-00,15 W OLIVE ST:8,HAMILTON SQUARE SHOPPING CTR:952,1682 N ATHERTON ST:333,THE BENNER PIKE SHOPS:234,WEIS MARKET SHOPPING CTR:48,127 SOUTHRIDGE PLZ:196
2021-09-25-12-30,15 W OLIVE ST:8,HAMILTON SQUARE SHOPPING CTR:952,1682 N ATHERTON ST:333,THE BENNER PIKE SHOPS:234,WEIS MARKET SHOPPING CTR:48,127 SOUTHRIDGE PLZ:196
2021-09-25-13-00,15 W OLIVE ST:8,HAMILTON SQUARE SHOPPING CTR:952,1682 N ATHERTON ST:333,THE BENNER PIKE SHOPS:234,WEIS MARKET SHOPPING CTR:48,127 SOUTHRIDGE PLZ:196
2021-09-25-13-30,15 W OLIVE ST:8,HAMILTON SQUARE SHOPPING CTR:952,1682 N ATHERTON ST:333,THE BENNER PIKE SHOPS:234,WEIS MARKET SHOPPING CTR:48,127 SOUTHRIDGE PLZ:196
2021-09-25-14-00,15 W OLIVE ST:8,HAMILTON SQUARE SHOPPING CTR:952,1682 N ATHERTON ST:333,THE BENNER PIKE SHOPS:234,WEIS MARKET SHOPPING CTR:48,127 SOUTHRIDGE PLZ:196
2021-09-25-14-30,15 W OLIVE ST:8,HAMILTON SQUARE SHOPPING CTR:952,1682 N ATHERTON ST:333,THE BENNER PIKE SHOPS:234,WEIS MARKET SHOPPING CTR:48,127 SOUTHRIDGE PLZ:196
2021-09-25-15-00,15 W OLIVE ST:8,HAMILTON SQUARE SHOPPING CTR:952,1682 N ATHERTON ST:333,THE BENNER PIKE SHOPS:234,WEIS MARKET SHOPPING CTR:48,127 SOUTHRIDGE PLZ:196
2021-09-25-15-30,15 W OLIVE ST:8,HAMILTON SQUARE SHOPPING CTR:952,1682 N ATHERTON ST:333,THE BENNER PIKE SHOPS:234,WEIS MARKET SHOPPING CTR:48,127 SOUTHRIDGE PLZ:196
2021-09-25-16-00,15 W OLIVE ST:8,HAMILTON SQUARE SHOPPING CTR:952,1682 N ATHERTON ST:333,THE BENNER PIKE SHOPS:234,WEIS MARKET SHOPPING CTR:48,127 SOUTHRIDGE PLZ:196
2021-09-25-16-30,15 W OLIVE ST:8,HAMILTON SQUARE SHOPPING CTR:952,1682 N ATHERTON ST:333,THE BENNER PIKE SHOPS:234,WEIS MARKET SHOPPING CTR:48,127 SOUTHRIDGE PLZ:196
2021-09-25-17-00,15 W OLIVE ST:8,HAMILTON SQUARE SHOPPING CTR:952,1682 N ATHERTON ST:333,THE BENNER PIKE SHOPS:234,WEIS MARKET SHOPPING CTR:48,127 SOUTHRIDGE PLZ:196
2021-09-25-17-30,15 W OLIVE ST:8,HAMILTON SQUARE SHOPPING CTR:952,1682 N ATHERTON ST:333,THE BENNER PIKE SHOPS:234,WEIS MARKET SHOPPING CTR:48,127 SOUTHRIDGE PLZ:196
2021-09-25-18-00,15 W OLIVE ST:8,HAMILTON SQUARE SHOPPING CTR:952,1682 N ATHERTON ST:333,THE BENNER PIKE SHOPS:234,WEIS MARKET SHOPPING CTR:48,127 SOUTHRIDGE PLZ:196
2021-09-25-18-30,15 W OLIVE ST:8,HAMILTON SQUARE SHOPPING CTR:952,1682 N ATHERTON ST:333,THE BENNER PIKE SHOPS:234,WEIS MARKET SHOPPING CTR:48,127 SOUTHRIDGE PLZ:196
2021-09-25-19-00,15 W OLIVE ST:8,HAMILTON SQUARE SHOPPING CTR:952,1682 N ATHERTON ST:333,THE BENNER PIKE SHOPS:234,WEIS MARKET SHOPPING CTR:48,127 SOUTHRIDGE PLZ:196
2021-09-25-19-30,15 W OLIVE ST:8,HAMILTON SQUARE SHOPPING CTR:952,1682 N ATHERTON ST:333,THE BENNER PIKE SHOPS:234,WEIS MARKET SHOPPING CTR:48,127 SOUTHRIDGE PLZ:196
2021-09-25-20-00,15 W OLIVE ST:8,HAMILTON SQUARE SHOPPING CTR:952,1682 N ATHERTON ST:333,THE BENNER PIKE SHOPS:234,WEIS MARKET SHOPPING CTR:48,127 SOUTHRIDGE PLZ:196
2021-09-25-20-30,15 W OLIVE ST:8,HAMILTON SQUARE SHOPPING CTR:952,1682 N ATHERTON ST:333,THE BENNER PIKE SHOPS:234,WEIS MARKET SHOPPING CTR:48,127 SOUTHRIDGE PLZ:196
2021-09-25-21-00,15 W OLIVE ST:8,HAMILTON SQUARE SHOPPING CTR:952,1682 N ATHERTON ST:333,THE BENNER PIKE SHOPS:234,WEIS MARKET SHOPPING CTR:48,127 SOUTHRIDGE PLZ:196
2021-09-25-21-30,15 W OLIVE ST:8,HAMILTON SQUARE SHOPPING CTR:952,1682 N ATHERTON ST:333,THE BENNER PIKE SHOPS:234,WEIS MARKET SHOPPING CTR:48,127 SOUTHRIDGE PLZ:196
2021-09-25-22-00,15 W OLIVE ST:8,HAMILTON SQUARE SHOPPING CTR:952,1682 N ATHERTON ST:333,THE BENNER PIKE SHOPS:234,WEIS MARKET SHOPPING CTR:48,127 SOUTHRIDGE PLZ:196
2021-09-25-22-30,15 W OLIVE ST:8,HAMILTON SQUARE SHOPPING CTR:952,1682 N ATHERTON ST:333,THE BENNER PIKE SHOPS:234,WEIS MARKET SHOPPING CTR:48,127 SOUTHRIDGE PLZ:196
2021-09-25-23-00,15 W OLIVE ST:8,HAMILTON SQUARE SHOPPING CTR:952,1682 N ATHERTON ST:333,THE BENNER PIKE SHOPS:234,WEIS MARKET SHOPPING CTR:48,127 SOUTHRIDGE PLZ:196
2021-09-25-23-30,15 W OLIVE ST:8,HAMILTON SQUARE SHOPPING CTR:952,1682 N ATHERTON ST:333,THE BENNER PIKE SHOPS:234,WEIS MARKET SHOPPING CTR:48,127 SOUTHRIDGE PLZ:196
2021-09-26-00-00,15 W OLIVE ST:8,HAMILTON SQUARE SHOPPING CTR:952,1682 N ATHERTON ST:333,THE BENNER PIKE SHOPS:234,WEIS MARKET SHOPPING CTR:48,127 SOUTHRIDGE PLZ:196
2021-09-26-00-30,15 W OLIVE ST:8,HAMILTON SQUARE SHOPPING CTR:952,1682 N ATHERTON ST:333,THE BENNER PIKE SHOPS:234,WEIS MARKET SHOPPING CTR:48,127 SOUTHRIDGE PLZ:196
2021-09-26-01-00,15 W OLIVE ST:8,HAMILTON SQUARE SHOPPING CTR:952,1682 N ATHERTON ST:333,THE BENNER PIKE SHOPS:234,WEIS MARKET SHOPPING CTR:48,127 SOUTHRIDGE PLZ:196
2021-09-26-01-30,15 W OLIVE ST:8,HAMILTON SQUARE SHOPPING CTR:952,1682 N ATHERTON ST:333,THE BENNER PIKE SHOPS:234,WEIS MARKET SHOPPING CTR:48,127 SOUTHRIDGE PLZ:196
2021-09-26-02-00,15 W OLIVE ST:8,HAMILTON SQUARE SHOPPING CTR:952,1682 N ATHERTON ST:333,THE BENNER PIKE SHOPS:234,WEIS MARKET SHOPPING CTR:48,127 SOUTHRIDGE PLZ:196
2021-09-26-02-30,15 W OLIVE ST:8,HAMILTON SQUARE SHOPPING CTR:952,1682 N ATHERTON ST:333,THE BENNER PIKE SHOPS:234,WEIS MARKET SHOPPING CTR:48,127 SOUTHRIDGE PLZ:196
2021-09-26-03-00,15 W OLIVE ST:8,HAMILTON SQUARE SHOPPING CTR:952,1682 N ATHERTON ST:333,THE BENNER PIKE SHOPS:234,WEIS MARKET SHOPPING CTR:48,127 SOUTHRIDGE PLZ:196
2021-09-26-03-30,15 W OLIVE ST:8,HAMILTON SQUARE SHOPPING CTR:952,1682 N ATHERTON ST:333,THE BENNER PIKE SHOPS:234,WEIS MARKET SHOPPING CTR:48,127 SOUTHRIDGE PLZ:196
2021-09-26-04-00,15 W OLIVE ST:8,HAMILTON SQUARE SHOPPING CTR:952,1682 N ATHERTON ST:333,THE BENNER PIKE SHOPS:234,WEIS MARKET SHOPPING CTR:48,127 SOUTHRIDGE PLZ:196
2021-09-26-04-30,15 W OLIVE ST:8,HAMILTON SQUARE SHOPPING CTR:952,1682 N ATHERTON ST:333,THE BENNER PIKE SHOPS:234,WEIS MARKET SHOPPING CTR:48,127 SOUTHRIDGE PLZ:196
2021-09-26-05-00,15 W OLIVE ST:8,HAMILTON SQUARE SHOPPING CTR:952,1682 N ATHERTON ST:333,THE BENNER PIKE SHOPS:234,WEIS MARKET SHOPPING CTR:48,127 SOUTHRIDGE PLZ:196
2021-09-26-05-30,15 W OLIVE ST:8,HAMILTON SQUARE SHOPPING CTR:952,1682 N ATHERTON ST:333,THE BENNER PIKE SHOPS:234,WEIS MARKET SHOPPING CTR:48,127 SOUTHRIDGE PLZ:196
2021-09-26-06-00,15 W OLIVE ST:8,HAMILTON SQUARE SHOPPING CTR:952,1682 N ATHERTON ST:333,THE BENNER PIKE SHOPS:234,WEIS MARKET SHOPPING CTR:48,127 SOUTHRIDGE PLZ:196
2021-09-26-06-30,15 W OLIVE ST:8,HAMILTON SQUARE SHOPPING CTR:952,1682 N ATHERTON ST:333,THE BENNER PIKE SHOPS:234,WEIS MARKET SHOPPING CTR:48,127 SOUTHRIDGE PLZ:196
2021-09-26-07-00,15 W OLIVE ST:8,HAMILTON SQUARE SHOPPING CTR:952,1682 N ATHERTON ST:333,THE BENNER PIKE SHOPS:234,WEIS MARKET SHOPPING CTR:48,127 SOUTHRIDGE PLZ:196
2021-09-26-07-30,15 W OLIVE ST:8,HAMILTON SQUARE SHOPPING CTR:952,1682 N ATHERTON ST:333,THE BENNER PIKE SHOPS:234,WEIS MARKET SHOPPING CTR:48,127 SOUTHRIDGE PLZ:196
2021-09-26-08-00,15 W OLIVE ST:8,HAMILTON SQUARE SHOPPING CTR:952,1682 N ATHERTON ST:333,THE BENNER PIKE SHOPS:234,WEIS MARKET SHOPPING CTR:48,127 SOUTHRIDGE PLZ:196
2021-09-26-08-30,15 W OLIVE ST:8,HAMILTON SQUARE SHOPPING CTR:952,1682 N ATHERTON ST:333,THE BENNER PIKE SHOPS:234,WEIS MARKET SHOPPING CTR:48,127 SOUTHRIDGE PLZ:196
2021-09-26-09-00,15 W OLIVE ST:8,HAMILTON SQUARE SHOPPING CTR:952,1682 N ATHERTON ST:333,THE BENNER PIKE SHOPS:234,WEIS MARKET SHOPPING CTR:48,127 SOUTHRIDGE PLZ:196
2021-09-26-09-30,15 W OLIVE ST:8,HAMILTON SQUARE SHOPPING CTR:952,1682 N ATHERTON ST:333,THE BENNER PIKE SHOPS:234,WEIS MARKET SHOPPING CTR:48,127 SOUTHRIDGE PLZ:196
2021-09-26-10-00,15 W OLIVE ST:8,HAMILTON SQUARE SHOPPING CTR:952,1682 N ATHERTON ST:333,THE BENNER PIKE SHOPS:234,WEIS MARKET SHOPPING CTR:48,127 SOUTHRIDGE PLZ:196
2021-09-26-10-30,15 W OLIVE ST:8,HAMILTON SQUARE SHOPPING CTR:952,1682 N ATHERTON ST:333,THE BENNER PIKE SHOPS:234,WEIS MARKET SHOPPING CTR:48,127 SOUTHRIDGE PLZ:196
2021-09-26-11-00,15 W OLIVE ST:8,HAMILTON SQUARE SHOPPING CTR:952,1682 N ATHERTON ST:333,THE BENNER PIKE SHOPS:234,WEIS MARKET SHOPPING CTR:48,127 SOUTHRIDGE PLZ:196
2021-09-26-11-30,15 W OLIVE ST:8,HAMILTON SQUARE SHOPPING CTR:952,1682 N ATHERTON ST:333,THE BENNER PIKE SHOPS:234,WEIS MARKET SHOPPING CTR:48,127 SOUTHRIDGE PLZ:196
2021-09-26-12-00,15 W OLIVE ST:8,HAMILTON SQUARE SHOPPING CTR:952,1682 N ATHERTON ST:333,THE BENNER PIKE SHOPS:234,WEIS MARKET SHOPPING CTR:48,127 SOUTHRIDGE PLZ:196
2021-09-26-12-30,15 W OLIVE ST:8,HAMILTON SQUARE SHOPPING CTR:952,1682 N ATHERTON ST:333,THE BENNER PIKE SHOPS:234,WEIS MARKET SHOPPING CTR:48,127 SOUTHRIDGE PLZ:196
2021-09-26-13-00,15 W OLIVE ST:8,HAMILTON SQUARE SHOPPING CTR:952,1682 N ATHERTON ST:333,THE BENNER PIKE SHOPS:234,WEIS MARKET SHOPPING CTR:48,127 SOUTHRIDGE PLZ:196
2021-09-26-13-30,15 W OLIVE ST:8,HAMILTON SQUARE SHOPPING CTR:952,1682 N ATHERTON ST:333,THE BENNER PIKE SHOPS:234,WEIS MARKET SHOPPING CTR:48,127 SOUTHRIDGE PLZ:196
2021-09-26-14-00,15 W OLIVE ST:8,HAMILTON SQUARE SHOPPING CTR:952,1682 N ATHERTON ST:333,THE BENNER PIKE SHOPS:234,WEIS MARKET SHOPPING CTR:48,127 SOUTHRIDGE PLZ:196
2021-09-26-14-30,15 W OLIVE ST:8,HAMILTON SQUARE SHOPPING CTR:952,1682 N ATHERTON ST:333,THE BENNER PIKE SHOPS:234,WEIS MARKET SHOPPING CTR:48,127 SOUTHRIDGE PLZ:196
2021-09-26-15-00,15 W OLIVE ST:8,HAMILTON SQUARE SHOPPING CTR:952,1682 N ATHERTON ST:333,THE BENNER PIKE SHOPS:234,WEIS MARKET SHOPPING CTR:48,127 SOUTHRIDGE PLZ:196
2021-09-26-15-30,15 W OLIVE ST:8,HAMILTON SQUARE SHOPPING CTR:952,1682 N ATHERTON ST:333,THE BENNER PIKE SHOPS:234,WEIS MARKET SHOPPING CTR:48,127 SOUTHRIDGE PLZ:196
2021-09-26-16-00,15 W OLIVE ST:8,HAMILTON SQUARE SHOPPING CTR:952,1682 N ATHERTON ST:333,THE BENNER PIKE SHOPS:234,WEIS MARKET SHOPPING CTR:48,127 SOUTHRIDGE PLZ:196
2021-09-26-16-30,15 W OLIVE ST:8,HAMILTON SQUARE SHOPPING CTR:952,1682 N ATHERTON ST:333,THE BENNER PIKE SHOPS:234,WEIS MARKET SHOPPING CTR:48,127 SOUTHRIDGE PLZ:196
2021-09-26-17-00,15 W OLIVE ST:8,HAMILTON SQUARE SHOPPING CTR:952,1682 N ATHERTON ST:333,THE BENNER PIKE SHOPS:234,WEIS MARKET SHOPPING CTR:48,127 SOUTHRIDGE PLZ:196
2021-09-26-17-30,15 W OLIVE ST:8,HAMILTON SQUARE SHOPPING CTR:952,1682 N ATHERTON ST:333,THE BENNER PIKE SHOPS:234,WEIS MARKET SHOPPING CTR:48,127 SOUTHRIDGE PLZ:196
2021-09-26-18-00,15 W OLIVE ST:8,HAMILTON SQUARE SHOPPING CTR:952,1682 N ATHERTON ST:333,THE BENNER PIKE SHOPS:234,WEIS MARKET SHOPPING CTR:48,127 SOUTHRIDGE PLZ:196
2021-09-26-18-30,15 W OLIVE ST:8,HAMILTON SQUARE SHOPPING CTR:952,1682 N ATHERTON ST:333,THE BENNER PIKE SHOPS:234,WEIS MARKET SHOPPING CTR:48,127 SOUTHRIDGE PLZ:196
2021-09-26-19-00,15 W OLIVE ST:8,HAMILTON SQUARE SHOPPING CTR:952,1682 N ATHERTON ST:333,THE BENNER PIKE SHOPS:234,WEIS MARKET SHOPPING CTR:48,127 SOUTHRIDGE PLZ:196
2021-09-26-19-30,15 W OLIVE ST:8,HAMILTON SQUARE SHOPPING CTR:952,1682 N ATHERTON ST:333,THE BENNER PIKE SHOPS:234,WEIS MARKET SHOPPING CTR:48,127 SOUTHRIDGE PLZ:196
2021-09-26-20-00,15 W OLIVE ST:8,HAMILTON SQUARE SHOPPING CTR:952,1682 N ATHERTON ST:333,THE BENNER PIKE SHOPS:234,WEIS MARKET SHOPPING CTR:48,127 SOUTHRIDGE PLZ:196
2021-09-26-20-30,15 W OLIVE ST:8,HAMILTON SQUARE SHOPPING CTR:952,1682 N ATHERTON ST:333,THE BENNER PIKE SHOPS:234,WEIS MARKET SHOPPING CTR:48,127 SOUTHRIDGE PLZ:196
2021-09-26-21-00,15 W OLIVE ST:8,HAMILTON SQUARE SHOPPING CTR:952,1682 N ATHERTON ST:333,THE BENNER PIKE SHOPS:234,WEIS MARKET SHOPPING CTR:48,127 SOUTHRIDGE PLZ:196
2021-09-26-21-30,15 W OLIVE ST:8,HAMILTON SQUARE SHOPPING CTR:952,1682 N ATHERTON ST:333,THE BENNER PIKE SHOPS:234,WEIS MARKET SHOPPING CTR:48,127 SOUTHRIDGE PLZ:196
2021-09-26-22-00,15 W OLIVE ST:8,HAMILTON SQUARE SHOPPING CTR:952,1682 N ATHERTON ST:333,THE BENNER PIKE SHOPS:234,WEIS MARKET SHOPPING CTR:48,127 SOUTHRIDGE PLZ:196
2021-09-26-22-30,15 W OLIVE ST:8,HAMILTON SQUARE SHOPPING CTR:952,1682 N ATHERTON ST:333,THE BENNER PIKE SHOPS:234,WEIS MARKET SHOPPING CTR:48,127 SOUTHRIDGE PLZ:196
2021-09-26-23-00,:
2021-09-26-23-30,:
2021-09-27-00-00,:
2021-09-27-00-30,15 W OLIVE ST:8,HAMILTON SQUARE SHOPPING CTR:952,1682 N ATHERTON ST:333,THE BENNER PIKE SHOPS:234,WEIS MARKET SHOPPING CTR:48,127 SOUTHRIDGE PLZ:196
2021-09-27-01-00,15 W OLIVE ST:8,HAMILTON SQUARE SHOPPING CTR:952,1682 N ATHERTON ST:333,THE BENNER PIKE SHOPS:234,WEIS MARKET SHOPPING CTR:48,127 SOUTHRIDGE PLZ:196
2021-09-27-01-30,15 W OLIVE ST:8,HAMILTON SQUARE SHOPPING CTR:952,1682 N ATHERTON ST:333,THE BENNER PIKE SHOPS:234,WEIS MARKET SHOPPING CTR:48,127 SOUTHRIDGE PLZ:196
2021-09-27-02-00,15 W OLIVE ST:8,HAMILTON SQUARE SHOPPING CTR:952,1682 N ATHERTON ST:333,THE BENNER PIKE SHOPS:234,WEIS MARKET SHOPPING CTR:48,127 SOUTHRIDGE PLZ:196
2021-09-27-02-30,15 W OLIVE ST:8,HAMILTON SQUARE SHOPPING CTR:952,1682 N ATHERTON ST:333,THE BENNER PIKE SHOPS:234,WEIS MARKET SHOPPING CTR:48,127 SOUTHRIDGE PLZ:196
2021-09-27-03-00,15 W OLIVE ST:8,HAMILTON SQUARE SHOPPING CTR:952,1682 N ATHERTON ST:333,THE BENNER PIKE SHOPS:234,WEIS MARKET SHOPPING CTR:48,127 SOUTHRIDGE PLZ:196
2021-09-27-03-30,15 W OLIVE ST:8,HAMILTON SQUARE SHOPPING CTR:952,1682 N ATHERTON ST:333,THE BENNER PIKE SHOPS:234,WEIS MARKET SHOPPING CTR:48,127 SOUTHRIDGE PLZ:196
2021-09-27-04-00,15 W OLIVE ST:8,HAMILTON SQUARE SHOPPING CTR:952,1682 N ATHERTON ST:333,THE BENNER PIKE SHOPS:234,WEIS MARKET SHOPPING CTR:48,127 SOUTHRIDGE PLZ:196
2021-09-27-04-30,15 W OLIVE ST:8,HAMILTON SQUARE SHOPPING CTR:952,1682 N ATHERTON ST:333,THE BENNER PIKE SHOPS:234,WEIS MARKET SHOPPING CTR:48,127 SOUTHRIDGE PLZ:196
2021-09-27-05-00,15 W OLIVE ST:8,HAMILTON SQUARE SHOPPING CTR:952,1682 N ATHERTON ST:333,THE BENNER PIKE SHOPS:234,WEIS MARKET SHOPPING CTR:48,127 SOUTHRIDGE PLZ:196
2021-09-27-05-30,15 W OLIVE ST:8,HAMILTON SQUARE SHOPPING CTR:952,1682 N ATHERTON ST:333,THE BENNER PIKE SHOPS:234,WEIS MARKET SHOPPING CTR:48,127 SOUTHRIDGE PLZ:196
2021-09-27-06-00,15 W OLIVE ST:8,HAMILTON SQUARE SHOPPING CTR:952,1682 N ATHERTON ST:333,THE BENNER PIKE SHOPS:234,WEIS MARKET SHOPPING CTR:48,127 SOUTHRIDGE PLZ:196
2021-09-27-06-30,15 W OLIVE ST:8,HAMILTON SQUARE SHOPPING CTR:952,1682 N ATHERTON ST:333,THE BENNER PIKE SHOPS:234,WEIS MARKET SHOPPING CTR:48,127 SOUTHRIDGE PLZ:196
2021-09-27-07-00,15 W OLIVE ST:8,HAMILTON SQUARE SHOPPING CTR:884,1682 N ATHERTON ST:278,THE BENNER PIKE SHOPS:230,WEIS MARKET SHOPPING CTR:47,127 SOUTHRIDGE PLZ:190
2021-09-27-07-30,15 W OLIVE ST:8,HAMILTON SQUARE SHOPPING CTR:884,1682 N ATHERTON ST:278,THE BENNER PIKE SHOPS:230,WEIS MARKET SHOPPING CTR:47,127 SOUTHRIDGE PLZ:190
2021-09-27-08-00,15 W OLIVE ST:8,HAMILTON SQUARE SHOPPING CTR:884,1682 N ATHERTON ST:278,THE BENNER PIKE SHOPS:230,WEIS MARKET SHOPPING CTR:47,127 SOUTHRIDGE PLZ:190
2021-09-27-08-30,15 W OLIVE ST:8,HAMILTON SQUARE SHOPPING CTR:884,1682 N ATHERTON ST:278,THE BENNER PIKE SHOPS:230,WEIS MARKET SHOPPING CTR:47,127 SOUTHRIDGE PLZ:190
2021-09-27-09-00,15 W OLIVE ST:8,HAMILTON SQUARE SHOPPING CTR:884,1682 N ATHERTON ST:278,THE BENNER PIKE SHOPS:230,WEIS MARKET SHOPPING CTR:47,127 SOUTHRIDGE PLZ:190
2021-09-27-09-30,15 W OLIVE ST:8,HAMILTON SQUARE SHOPPING CTR:884,1682 N ATHERTON ST:278,THE BENNER PIKE SHOPS:230,WEIS MARKET SHOPPING CTR:47,127 SOUTHRIDGE PLZ:190
2021-09-27-10-00,15 W OLIVE ST:8,HAMILTON SQUARE SHOPPING CTR:884,1682 N ATHERTON ST:278,THE BENNER PIKE SHOPS:230,WEIS MARKET SHOPPING CTR:47,127 SOUTHRIDGE PLZ:190
2021-09-27-10-30,15 W OLIVE ST:8,HAMILTON SQUARE SHOPPING CTR:884,1682 N ATHERTON ST:278,THE BENNER PIKE SHOPS:230,WEIS MARKET SHOPPING CTR:47,127 SOUTHRIDGE PLZ:190
2021-09-27-11-00,15 W OLIVE ST:8,HAMILTON SQUARE SHOPPING CTR:884,1682 N ATHERTON ST:278,THE BENNER PIKE SHOPS:230,WEIS MARKET SHOPPING CTR:47,127 SOUTHRIDGE PLZ:190
2021-09-27-11-30,15 W OLIVE ST:8,HAMILTON SQUARE SHOPPING CTR:884,1682 N ATHERTON ST:278,THE BENNER PIKE SHOPS:230,WEIS MARKET SHOPPING CTR:47,127 SOUTHRIDGE PLZ:190
2021-09-27-12-00,15 W OLIVE ST:8,HAMILTON SQUARE SHOPPING CTR:884,1682 N ATHERTON ST:278,THE BENNER PIKE SHOPS:230,WEIS MARKET SHOPPING CTR:47,127 SOUTHRIDGE PLZ:190
2021-09-27-12-30,15 W OLIVE ST:8,HAMILTON SQUARE SHOPPING CTR:884,1682 N ATHERTON ST:278,THE BENNER PIKE SHOPS:230,WEIS MARKET SHOPPING CTR:47,127 SOUTHRIDGE PLZ:190
2021-09-27-13-00,15 W OLIVE ST:8,HAMILTON SQUARE SHOPPING CTR:884,1682 N ATHERTON ST:278,THE BENNER PIKE SHOPS:230,WEIS MARKET SHOPPING CTR:47,127 SOUTHRIDGE PLZ:190
2021-09-27-13-30,15 W OLIVE ST:8,HAMILTON SQUARE SHOPPING CTR:884,1682 N ATHERTON ST:278,THE BENNER PIKE SHOPS:230,WEIS MARKET SHOPPING CTR:47,127 SOUTHRIDGE PLZ:190
2021-09-27-14-00,15 W OLIVE ST:8,HAMILTON SQUARE SHOPPING CTR:884,1682 N ATHERTON ST:278,THE BENNER PIKE SHOPS:230,WEIS MARKET SHOPPING CTR:47,127 SOUTHRIDGE PLZ:190
2021-09-27-14-30,15 W OLIVE ST:8,HAMILTON SQUARE SHOPPING CTR:884,1682 N ATHERTON ST:278,THE BENNER PIKE SHOPS:230,WEIS MARKET SHOPPING CTR:47,127 SOUTHRIDGE PLZ:190
2021-09-27-15-00,15 W OLIVE ST:8,HAMILTON SQUARE SHOPPING CTR:884,1682 N ATHERTON ST:278,THE BENNER PIKE SHOPS:230,WEIS MARKET SHOPPING CTR:47,127 SOUTHRIDGE PLZ:190
2021-09-27-15-30,15 W OLIVE ST:8,HAMILTON SQUARE SHOPPING CTR:884,1682 N ATHERTON ST:278,THE BENNER PIKE SHOPS:230,WEIS MARKET SHOPPING CTR:47,127 SOUTHRIDGE PLZ:190
2021-09-27-16-00,15 W OLIVE ST:8,HAMILTON SQUARE SHOPPING CTR:884,1682 N ATHERTON ST:278,THE BENNER PIKE SHOPS:230,WEIS MARKET SHOPPING CTR:47,127 SOUTHRIDGE PLZ:190
2021-09-27-16-30,15 W OLIVE ST:8,HAMILTON SQUARE SHOPPING CTR:884,1682 N ATHERTON ST:278,THE BENNER PIKE SHOPS:230,WEIS MARKET SHOPPING CTR:47,127 SOUTHRIDGE PLZ:190
2021-09-27-17-00,15 W OLIVE ST:8,HAMILTON SQUARE SHOPPING CTR:884,1682 N ATHERTON ST:278,THE BENNER PIKE SHOPS:230,WEIS MARKET SHOPPING CTR:47,127 SOUTHRIDGE PLZ:190
2021-09-27-17-30,15 W OLIVE ST:8,HAMILTON SQUARE SHOPPING CTR:884,1682 N ATHERTON ST:278,THE BENNER PIKE SHOPS:230,WEIS MARKET SHOPPING CTR:47,127 SOUTHRIDGE PLZ:190
2021-09-27-18-00,15 W OLIVE ST:8,HAMILTON SQUARE SHOPPING CTR:884,1682 N ATHERTON ST:278,THE BENNER PIKE SHOPS:230,WEIS MARKET SHOPPING CTR:47,127 SOUTHRIDGE PLZ:190
2021-09-27-18-30,15 W OLIVE ST:8,HAMILTON SQUARE SHOPPING CTR:884,1682 N ATHERTON ST:278,THE BENNER PIKE SHOPS:230,WEIS MARKET SHOPPING CTR:47,127 SOUTHRIDGE PLZ:190
2021-09-27-19-00,15 W OLIVE ST:8,HAMILTON SQUARE SHOPPING CTR:884,1682 N ATHERTON ST:278,THE BENNER PIKE SHOPS:230,WEIS MARKET SHOPPING CTR:47,127 SOUTHRIDGE PLZ:190
2021-09-27-19-30,15 W OLIVE ST:8,HAMILTON SQUARE SHOPPING CTR:884,1682 N ATHERTON ST:278,THE BENNER PIKE SHOPS:230,WEIS MARKET SHOPPING CTR:47,127 SOUTHRIDGE PLZ:190
2021-09-27-20-00,15 W OLIVE ST:8,HAMILTON SQUARE SHOPPING CTR:884,1682 N ATHERTON ST:278,THE BENNER PIKE SHOPS:230,WEIS MARKET SHOPPING CTR:47,127 SOUTHRIDGE PLZ:190
2021-09-27-20-30,15 W OLIVE ST:8,HAMILTON SQUARE SHOPPING CTR:884,1682 N ATHERTON ST:278,THE BENNER PIKE SHOPS:230,WEIS MARKET SHOPPING CTR:47,127 SOUTHRIDGE PLZ:190
2021-09-27-21-00,15 W OLIVE ST:8,HAMILTON SQUARE SHOPPING CTR:884,1682 N ATHERTON ST:278,THE BENNER PIKE SHOPS:230,WEIS MARKET SHOPPING CTR:47,127 SOUTHRIDGE PLZ:190
2021-09-27-21-30,15 W OLIVE ST:8,HAMILTON SQUARE SHOPPING CTR:884,1682 N ATHERTON ST:278,THE BENNER PIKE SHOPS:230,WEIS MARKET SHOPPING CTR:47,127 SOUTHRIDGE PLZ:190
2021-09-27-22-00,15 W OLIVE ST:8,HAMILTON SQUARE SHOPPING CTR:884,1682 N ATHERTON ST:278,THE BENNER PIKE SHOPS:230,WEIS MARKET SHOPPING CTR:47,127 SOUTHRIDGE PLZ:190
2021-09-27-22-30,15 W OLIVE ST:8,HAMILTON SQUARE SHOPPING CTR:884,1682 N ATHERTON ST:278,THE BENNER PIKE SHOPS:230,WEIS MARKET SHOPPING CTR:47,127 SOUTHRIDGE PLZ:190
2021-09-27-23-00,15 W OLIVE ST:8,HAMILTON SQUARE SHOPPING CTR:884,1682 N ATHERTON ST:278,THE BENNER PIKE SHOPS:230,WEIS MARKET SHOPPING CTR:47,127 SOUTHRIDGE PLZ:190
2021-09-27-23-30,15 W OLIVE ST:8,HAMILTON SQUARE SHOPPING CTR:884,1682 N ATHERTON ST:278,THE BENNER PIKE SHOPS:230,WEIS MARKET SHOPPING CTR:47,127 SOUTHRIDGE PLZ:190
2021-09-28-00-00,15 W OLIVE ST:8,HAMILTON SQUARE SHOPPING CTR:884,1682 N ATHERTON ST:278,THE BENNER PIKE SHOPS:230,WEIS MARKET SHOPPING CTR:47,127 SOUTHRIDGE PLZ:190
2021-09-28-00-30,15 W OLIVE ST:8,HAMILTON SQUARE SHOPPING CTR:884,1682 N ATHERTON ST:278,THE BENNER PIKE SHOPS:230,WEIS MARKET SHOPPING CTR:47,127 SOUTHRIDGE PLZ:190
2021-09-28-01-00,15 W OLIVE ST:8,HAMILTON SQUARE SHOPPING CTR:884,1682 N ATHERTON ST:278,THE BENNER PIKE SHOPS:230,WEIS MARKET SHOPPING CTR:47,127 SOUTHRIDGE PLZ:190
2021-09-28-01-30,15 W OLIVE ST:8,HAMILTON SQUARE SHOPPING CTR:884,1682 N ATHERTON ST:278,THE BENNER PIKE SHOPS:230,WEIS MARKET SHOPPING CTR:47,127 SOUTHRIDGE PLZ:190
2021-09-28-02-00,15 W OLIVE ST:8,HAMILTON SQUARE SHOPPING CTR:884,1682 N ATHERTON ST:278,THE BENNER PIKE SHOPS:230,WEIS MARKET SHOPPING CTR:47,127 SOUTHRIDGE PLZ:190
2021-09-28-02-30,15 W OLIVE ST:8,HAMILTON SQUARE SHOPPING CTR:884,1682 N ATHERTON ST:278,THE BENNER PIKE SHOPS:230,WEIS MARKET SHOPPING CTR:47,127 SOUTHRIDGE PLZ:190
2021-09-28-03-00,15 W OLIVE ST:8,HAMILTON SQUARE SHOPPING CTR:884,1682 N ATHERTON ST:278,THE BENNER PIKE SHOPS:230,WEIS MARKET SHOPPING CTR:47,127 SOUTHRIDGE PLZ:190
2021-09-28-03-30,15 W OLIVE ST:8,HAMILTON SQUARE SHOPPING CTR:884,1682 N ATHERTON ST:278,THE BENNER PIKE SHOPS:230,WEIS MARKET SHOPPING CTR:47,127 SOUTHRIDGE PLZ:190
2021-09-28-04-00,15 W OLIVE ST:8,HAMILTON SQUARE SHOPPING CTR:884,1682 N ATHERTON ST:278,THE BENNER PIKE SHOPS:230,WEIS MARKET SHOPPING CTR:47,127 SOUTHRIDGE PLZ:190
2021-09-28-04-30,15 W OLIVE ST:8,HAMILTON SQUARE SHOPPING CTR:884,1682 N ATHERTON ST:278,THE BENNER PIKE SHOPS:230,WEIS MARKET SHOPPING CTR:47,127 SOUTHRIDGE PLZ:190
2021-09-28-05-00,15 W OLIVE ST:8,HAMILTON SQUARE SHOPPING CTR:884,1682 N ATHERTON ST:278,THE BENNER PIKE SHOPS:230,WEIS MARKET SHOPPING CTR:47,127 SOUTHRIDGE PLZ:190
2021-09-28-05-30,15 W OLIVE ST:8,HAMILTON SQUARE SHOPPING CTR:884,1682 N ATHERTON ST:278,THE BENNER PIKE SHOPS:230,WEIS MARKET SHOPPING CTR:47,127 SOUTHRIDGE PLZ:190
2021-09-28-06-00,15 W OLIVE ST:8,HAMILTON SQUARE SHOPPING CTR:884,1682 N ATHERTON ST:278,THE BENNER PIKE SHOPS:230,WEIS MARKET SHOPPING CTR:47,127 SOUTHRIDGE PLZ:190
2021-09-28-06-30,15 W OLIVE ST:8,HAMILTON SQUARE SHOPPING CTR:884,1682 N ATHERTON ST:278,THE BENNER PIKE SHOPS:230,WEIS MARKET SHOPPING CTR:47,127 SOUTHRIDGE PLZ:190
2021-09-28-07-00,15 W OLIVE ST:8,HAMILTON SQUARE SHOPPING CTR:1046,1682 N ATHERTON ST:349,THE BENNER PIKE SHOPS:313,WEIS MARKET SHOPPING CTR:44,127 SOUTHRIDGE PLZ:197
2021-09-28-07-30,15 W OLIVE ST:8,HAMILTON SQUARE SHOPPING CTR:1046,1682 N ATHERTON ST:349,THE BENNER PIKE SHOPS:313,WEIS MARKET SHOPPING CTR:44,127 SOUTHRIDGE PLZ:197
2021-09-28-08-00,15 W OLIVE ST:8,HAMILTON SQUARE SHOPPING CTR:1046,1682 N ATHERTON ST:349,THE BENNER PIKE SHOPS:313,WEIS MARKET SHOPPING CTR:44,127 SOUTHRIDGE PLZ:197
2021-09-28-08-30,15 W OLIVE ST:8,HAMILTON SQUARE SHOPPING CTR:1046,1682 N ATHERTON ST:349,THE BENNER PIKE SHOPS:313,WEIS MARKET SHOPPING CTR:44,127 SOUTHRIDGE PLZ:197
2021-09-28-09-00,15 W OLIVE ST:8,HAMILTON SQUARE SHOPPING CTR:1046,1682 N ATHERTON ST:349,THE BENNER PIKE SHOPS:313,WEIS MARKET SHOPPING CTR:44,127 SOUTHRIDGE PLZ:197
2021-09-28-09-30,15 W OLIVE ST:8,HAMILTON SQUARE SHOPPING CTR:1046,1682 N ATHERTON ST:349,THE BENNER PIKE SHOPS:313,WEIS MARKET SHOPPING CTR:44,127 SOUTHRIDGE PLZ:197
2021-09-28-10-00,15 W OLIVE ST:8,HAMILTON SQUARE SHOPPING CTR:1046,1682 N ATHERTON ST:349,THE BENNER PIKE SHOPS:313,WEIS MARKET SHOPPING CTR:44,127 SOUTHRIDGE PLZ:197
2021-09-28-10-30,15 W OLIVE ST:8,HAMILTON SQUARE SHOPPING CTR:1046,1682 N ATHERTON ST:349,THE BENNER PIKE SHOPS:313,WEIS MARKET SHOPPING CTR:44,127 SOUTHRIDGE PLZ:197
2021-09-28-11-00,15 W OLIVE ST:8,HAMILTON SQUARE SHOPPING CTR:1046,1682 N ATHERTON ST:349,THE BENNER PIKE SHOPS:313,WEIS MARKET SHOPPING CTR:44,127 SOUTHRIDGE PLZ:197
2021-09-28-11-30,15 W OLIVE ST:8,HAMILTON SQUARE SHOPPING CTR:1046,1682 N ATHERTON ST:349,THE BENNER PIKE SHOPS:313,WEIS MARKET SHOPPING CTR:44,127 SOUTHRIDGE PLZ:197
2021-09-28-12-00,15 W OLIVE ST:8,HAMILTON SQUARE SHOPPING CTR:1046,1682 N ATHERTON ST:349,THE BENNER PIKE SHOPS:313,WEIS MARKET SHOPPING CTR:44,127 SOUTHRIDGE PLZ:197
2021-09-28-12-30,15 W OLIVE ST:8,HAMILTON SQUARE SHOPPING CTR:1046,1682 N ATHERTON ST:349,THE BENNER PIKE SHOPS:313,WEIS MARKET SHOPPING CTR:44,127 SOUTHRIDGE PLZ:197
2021-09-28-13-00,15 W OLIVE ST:8,HAMILTON SQUARE SHOPPING CTR:1046,1682 N ATHERTON ST:349,THE BENNER PIKE SHOPS:313,WEIS MARKET SHOPPING CTR:44,127 SOUTHRIDGE PLZ:197
2021-09-28-13-30,15 W OLIVE ST:8,HAMILTON SQUARE SHOPPING CTR:1046,1682 N ATHERTON ST:349,THE BENNER PIKE SHOPS:313,WEIS MARKET SHOPPING CTR:44,127 SOUTHRIDGE PLZ:197
2021-09-28-14-00,15 W OLIVE ST:8,HAMILTON SQUARE SHOPPING CTR:1046,1682 N ATHERTON ST:349,THE BENNER PIKE SHOPS:313,WEIS MARKET SHOPPING CTR:44,127 SOUTHRIDGE PLZ:197
2021-09-28-14-30,15 W OLIVE ST:8,HAMILTON SQUARE SHOPPING CTR:1046,1682 N ATHERTON ST:349,THE BENNER PIKE SHOPS:313,WEIS MARKET SHOPPING CTR:44,127 SOUTHRIDGE PLZ:197
2021-09-28-15-00,15 W OLIVE ST:8,HAMILTON SQUARE SHOPPING CTR:1046,1682 N ATHERTON ST:349,THE BENNER PIKE SHOPS:313,WEIS MARKET SHOPPING CTR:44,127 SOUTHRIDGE PLZ:197
2021-09-28-15-30,15 W OLIVE ST:8,HAMILTON SQUARE SHOPPING CTR:1046,1682 N ATHERTON ST:349,THE BENNER PIKE SHOPS:313,WEIS MARKET SHOPPING CTR:44,127 SOUTHRIDGE PLZ:197
2021-09-28-16-00,15 W OLIVE ST:8,HAMILTON SQUARE SHOPPING CTR:1046,1682 N ATHERTON ST:349,THE BENNER PIKE SHOPS:313,WEIS MARKET SHOPPING CTR:44,127 SOUTHRIDGE PLZ:197
2021-09-28-16-30,15 W OLIVE ST:8,HAMILTON SQUARE SHOPPING CTR:1046,1682 N ATHERTON ST:349,THE BENNER PIKE SHOPS:313,WEIS MARKET SHOPPING CTR:44,127 SOUTHRIDGE PLZ:197
2021-09-28-17-00,15 W OLIVE ST:8,HAMILTON SQUARE SHOPPING CTR:1046,1682 N ATHERTON ST:349,THE BENNER PIKE SHOPS:313,WEIS MARKET SHOPPING CTR:44,127 SOUTHRIDGE PLZ:197
2021-09-28-17-30,15 W OLIVE ST:8,HAMILTON SQUARE SHOPPING CTR:1046,1682 N ATHERTON ST:349,THE BENNER PIKE SHOPS:313,WEIS MARKET SHOPPING CTR:44,127 SOUTHRIDGE PLZ:197
2021-09-28-18-00,15 W OLIVE ST:8,HAMILTON SQUARE SHOPPING CTR:1046,1682 N ATHERTON ST:349,THE BENNER PIKE SHOPS:313,WEIS MARKET SHOPPING CTR:44,127 SOUTHRIDGE PLZ:197
2021-09-28-18-30,15 W OLIVE ST:8,HAMILTON SQUARE SHOPPING CTR:1046,1682 N ATHERTON ST:349,THE BENNER PIKE SHOPS:313,WEIS MARKET SHOPPING CTR:44,127 SOUTHRIDGE PLZ:197
2021-09-28-19-00,15 W OLIVE ST:8,HAMILTON SQUARE SHOPPING CTR:1046,1682 N ATHERTON ST:349,THE BENNER PIKE SHOPS:313,WEIS MARKET SHOPPING CTR:44,127 SOUTHRIDGE PLZ:197
2021-09-28-19-30,15 W OLIVE ST:8,HAMILTON SQUARE SHOPPING CTR:1046,1682 N ATHERTON ST:349,THE BENNER PIKE SHOPS:313,WEIS MARKET SHOPPING CTR:44,127 SOUTHRIDGE PLZ:197
2021-09-28-20-00,15 W OLIVE ST:8,HAMILTON SQUARE SHOPPING CTR:1046,1682 N ATHERTON ST:349,THE BENNER PIKE SHOPS:313,WEIS MARKET SHOPPING CTR:44,127 SOUTHRIDGE PLZ:197
2021-09-28-20-30,15 W OLIVE ST:8,HAMILTON SQUARE SHOPPING CTR:1046,1682 N ATHERTON ST:349,THE BENNER PIKE SHOPS:313,WEIS MARKET SHOPPING CTR:44,127 SOUTHRIDGE PLZ:197
2021-09-28-21-00,15 W OLIVE ST:8,HAMILTON SQUARE SHOPPING CTR:1046,1682 N ATHERTON ST:349,THE BENNER PIKE SHOPS:313,WEIS MARKET SHOPPING CTR:44,127 SOUTHRIDGE PLZ:197
2021-09-28-21-30,15 W OLIVE ST:8,HAMILTON SQUARE SHOPPING CTR:1046,1682 N ATHERTON ST:349,THE BENNER PIKE SHOPS:313,WEIS MARKET SHOPPING CTR:44,127 SOUTHRIDGE PLZ:197
2021-09-28-22-00,15 W OLIVE ST:8,HAMILTON SQUARE SHOPPING CTR:1046,1682 N ATHERTON ST:349,THE BENNER PIKE SHOPS:313,WEIS MARKET SHOPPING CTR:44,127 SOUTHRIDGE PLZ:197
2021-09-28-22-30,15 W OLIVE ST:8,HAMILTON SQUARE SHOPPING CTR:1046,1682 N ATHERTON ST:349,THE BENNER PIKE SHOPS:313,WEIS MARKET SHOPPING CTR:44,127 SOUTHRIDGE PLZ:197
2021-09-28-23-00,15 W OLIVE ST:8,HAMILTON SQUARE SHOPPING CTR:1046,1682 N ATHERTON ST:349,THE BENNER PIKE SHOPS:313,WEIS MARKET SHOPPING CTR:44,127 SOUTHRIDGE PLZ:197
2021-09-28-23-30,15 W OLIVE ST:8,HAMILTON SQUARE SHOPPING CTR:1046,1682 N ATHERTON ST:349,THE BENNER PIKE SHOPS:313,WEIS MARKET SHOPPING CTR:44,127 SOUTHRIDGE PLZ:197
2021-09-29-00-00,15 W OLIVE ST:8,HAMILTON SQUARE SHOPPING CTR:1046,1682 N ATHERTON ST:349,THE BENNER PIKE SHOPS:313,WEIS MARKET SHOPPING CTR:44,127 SOUTHRIDGE PLZ:197
2021-09-29-00-30,15 W OLIVE ST:8,HAMILTON SQUARE SHOPPING CTR:1046,1682 N ATHERTON ST:349,THE BENNER PIKE SHOPS:313,WEIS MARKET SHOPPING CTR:44,127 SOUTHRIDGE PLZ:197
2021-09-29-01-00,15 W OLIVE ST:8,HAMILTON SQUARE SHOPPING CTR:1046,1682 N ATHERTON ST:349,THE BENNER PIKE SHOPS:313,WEIS MARKET SHOPPING CTR:44,127 SOUTHRIDGE PLZ:197
2021-09-29-01-30,15 W OLIVE ST:8,HAMILTON SQUARE SHOPPING CTR:1046,1682 N ATHERTON ST:349,THE BENNER PIKE SHOPS:313,WEIS MARKET SHOPPING CTR:44,127 SOUTHRIDGE PLZ:197
2021-09-29-02-00,15 W OLIVE ST:8,HAMILTON SQUARE SHOPPING CTR:1046,1682 N ATHERTON ST:349,THE BENNER PIKE SHOPS:313,WEIS MARKET SHOPPING CTR:44,127 SOUTHRIDGE PLZ:197
2021-09-29-02-30,15 W OLIVE ST:8,HAMILTON SQUARE SHOPPING CTR:1046,1682 N ATHERTON ST:349,THE BENNER PIKE SHOPS:313,WEIS MARKET SHOPPING CTR:44,127 SOUTHRIDGE PLZ:197
2021-09-29-03-00,15 W OLIVE ST:8,HAMILTON SQUARE SHOPPING CTR:1046,1682 N ATHERTON ST:349,THE BENNER PIKE SHOPS:313,WEIS MARKET SHOPPING CTR:44,127 SOUTHRIDGE PLZ:197
2021-09-29-03-30,15 W OLIVE ST:8,HAMILTON SQUARE SHOPPING CTR:1046,1682 N ATHERTON ST:349,THE BENNER PIKE SHOPS:313,WEIS MARKET SHOPPING CTR:44,127 SOUTHRIDGE PLZ:197
2021-09-29-04-00,15 W OLIVE ST:8,HAMILTON SQUARE SHOPPING CTR:1046,1682 N ATHERTON ST:349,THE BENNER PIKE SHOPS:313,WEIS MARKET SHOPPING CTR:44,127 SOUTHRIDGE PLZ:197
2021-09-29-04-30,15 W OLIVE ST:8,HAMILTON SQUARE SHOPPING CTR:1046,1682 N ATHERTON ST:349,THE BENNER PIKE SHOPS:313,WEIS MARKET SHOPPING CTR:44,127 SOUTHRIDGE PLZ:197
2021-09-29-05-00,15 W OLIVE ST:8,HAMILTON SQUARE SHOPPING CTR:1046,1682 N ATHERTON ST:349,THE BENNER PIKE SHOPS:313,WEIS MARKET SHOPPING CTR:44,127 SOUTHRIDGE PLZ:197
2021-09-29-05-30,15 W OLIVE ST:8,HAMILTON SQUARE SHOPPING CTR:1046,1682 N ATHERTON ST:349,THE BENNER PIKE SHOPS:313,WEIS MARKET SHOPPING CTR:44,127 SOUTHRIDGE PLZ:197
2021-09-29-06-00,15 W OLIVE ST:8,HAMILTON SQUARE SHOPPING CTR:1046,1682 N ATHERTON ST:349,THE BENNER PIKE SHOPS:313,WEIS MARKET SHOPPING CTR:44,127 SOUTHRIDGE PLZ:197
2021-09-29-06-30,15 W OLIVE ST:8,HAMILTON SQUARE SHOPPING CTR:1046,1682 N ATHERTON ST:349,THE BENNER PIKE SHOPS:313,WEIS MARKET SHOPPING CTR:44,127 SOUTHRIDGE PLZ:197
2021-09-29-07-00,15 W OLIVE ST:8,HAMILTON SQUARE SHOPPING CTR:1031,1682 N ATHERTON ST:338,THE BENNER PIKE SHOPS:305,WEIS MARKET SHOPPING CTR:42,127 SOUTHRIDGE PLZ:189
2021-09-29-07-30,15 W OLIVE ST:8,HAMILTON SQUARE SHOPPING CTR:1031,1682 N ATHERTON ST:338,THE BENNER PIKE SHOPS:305,WEIS MARKET SHOPPING CTR:42,127 SOUTHRIDGE PLZ:189
2021-09-29-08-00,15 W OLIVE ST:8,HAMILTON SQUARE SHOPPING CTR:1031,1682 N ATHERTON ST:338,THE BENNER PIKE SHOPS:305,WEIS MARKET SHOPPING CTR:42,127 SOUTHRIDGE PLZ:189
2021-09-29-08-30,15 W OLIVE ST:8,HAMILTON SQUARE SHOPPING CTR:1031,1682 N ATHERTON ST:338,THE BENNER PIKE SHOPS:305,WEIS MARKET SHOPPING CTR:42,127 SOUTHRIDGE PLZ:189
2021-09-29-09-00,15 W OLIVE ST:8,HAMILTON SQUARE SHOPPING CTR:1031,1682 N ATHERTON ST:338,THE BENNER PIKE SHOPS:305,WEIS MARKET SHOPPING CTR:42,127 SOUTHRIDGE PLZ:189
2021-09-29-09-30,15 W OLIVE ST:8,HAMILTON SQUARE SHOPPING CTR:1031,1682 N ATHERTON ST:338,THE BENNER PIKE SHOPS:305,WEIS MARKET SHOPPING CTR:42,127 SOUTHRIDGE PLZ:189
2021-09-29-10-00,15 W OLIVE ST:8,HAMILTON SQUARE SHOPPING CTR:1031,1682 N ATHERTON ST:338,THE BENNER PIKE SHOPS:305,WEIS MARKET SHOPPING CTR:42,127 SOUTHRIDGE PLZ:189
2021-09-29-10-30,15 W OLIVE ST:8,HAMILTON SQUARE SHOPPING CTR:1031,1682 N ATHERTON ST:338,THE BENNER PIKE SHOPS:305,WEIS MARKET SHOPPING CTR:42,127 SOUTHRIDGE PLZ:189
2021-09-29-11-00,15 W OLIVE ST:8,HAMILTON SQUARE SHOPPING CTR:1031,1682 N ATHERTON ST:338,THE BENNER PIKE SHOPS:305,WEIS MARKET SHOPPING CTR:42,127 SOUTHRIDGE PLZ:189
2021-09-29-11-30,15 W OLIVE ST:8,HAMILTON SQUARE SHOPPING CTR:1031,1682 N ATHERTON ST:338,THE BENNER PIKE SHOPS:305,WEIS MARKET SHOPPING CTR:42,127 SOUTHRIDGE PLZ:189
2021-09-29-12-00,15 W OLIVE ST:8,HAMILTON SQUARE SHOPPING CTR:1031,1682 N ATHERTON ST:338,THE BENNER PIKE SHOPS:305,WEIS MARKET SHOPPING CTR:42,127 SOUTHRIDGE PLZ:189
2021-09-29-12-30,15 W OLIVE ST:8,HAMILTON SQUARE SHOPPING CTR:1031,1682 N ATHERTON ST:338,THE BENNER PIKE SHOPS:305,WEIS MARKET SHOPPING CTR:42,127 SOUTHRIDGE PLZ:189
2021-09-29-13-00,15 W OLIVE ST:8,HAMILTON SQUARE SHOPPING CTR:1031,1682 N ATHERTON ST:338,THE BENNER PIKE SHOPS:305,WEIS MARKET SHOPPING CTR:42,127 SOUTHRIDGE PLZ:189
2021-09-29-13-30,15 W OLIVE ST:8,HAMILTON SQUARE SHOPPING CTR:1031,1682 N ATHERTON ST:338,THE BENNER PIKE SHOPS:305,WEIS MARKET SHOPPING CTR:42,127 SOUTHRIDGE PLZ:189
2021-09-29-14-00,15 W OLIVE ST:8,HAMILTON SQUARE SHOPPING CTR:1031,1682 N ATHERTON ST:338,THE BENNER PIKE SHOPS:305,WEIS MARKET SHOPPING CTR:42,127 SOUTHRIDGE PLZ:189
2021-09-29-14-30,15 W OLIVE ST:8,HAMILTON SQUARE SHOPPING CTR:1031,1682 N ATHERTON ST:338,THE BENNER PIKE SHOPS:305,WEIS MARKET SHOPPING CTR:42,127 SOUTHRIDGE PLZ:189
2021-09-29-15-00,15 W OLIVE ST:8,HAMILTON SQUARE SHOPPING CTR:1031,1682 N ATHERTON ST:338,THE BENNER PIKE SHOPS:305,WEIS MARKET SHOPPING CTR:42,127 SOUTHRIDGE PLZ:189
2021-09-29-15-30,15 W OLIVE ST:8,HAMILTON SQUARE SHOPPING CTR:1031,1682 N ATHERTON ST:338,THE BENNER PIKE SHOPS:305,WEIS MARKET SHOPPING CTR:42,127 SOUTHRIDGE PLZ:189
2021-09-29-16-00,15 W OLIVE ST:8,HAMILTON SQUARE SHOPPING CTR:1031,1682 N ATHERTON ST:338,THE BENNER PIKE SHOPS:305,WEIS MARKET SHOPPING CTR:42,127 SOUTHRIDGE PLZ:189
2021-09-29-16-30,15 W OLIVE ST:8,HAMILTON SQUARE SHOPPING CTR:1031,1682 N ATHERTON ST:338,THE BENNER PIKE SHOPS:305,WEIS MARKET SHOPPING CTR:42,127 SOUTHRIDGE PLZ:189
2021-09-29-17-00,15 W OLIVE ST:8,HAMILTON SQUARE SHOPPING CTR:1031,1682 N ATHERTON ST:338,THE BENNER PIKE SHOPS:305,WEIS MARKET SHOPPING CTR:42,127 SOUTHRIDGE PLZ:189
2021-09-29-17-30,15 W OLIVE ST:8,HAMILTON SQUARE SHOPPING CTR:1031,1682 N ATHERTON ST:338,THE BENNER PIKE SHOPS:305,WEIS MARKET SHOPPING CTR:42,127 SOUTHRIDGE PLZ:189
2021-09-29-18-00,15 W OLIVE ST:8,HAMILTON SQUARE SHOPPING CTR:1031,1682 N ATHERTON ST:338,THE BENNER PIKE SHOPS:305,WEIS MARKET SHOPPING CTR:42,127 SOUTHRIDGE PLZ:189
2021-09-29-18-30,15 W OLIVE ST:8,HAMILTON SQUARE SHOPPING CTR:1031,1682 N ATHERTON ST:338,THE BENNER PIKE SHOPS:305,WEIS MARKET SHOPPING CTR:42,127 SOUTHRIDGE PLZ:189
2021-09-29-19-00,15 W OLIVE ST:8,HAMILTON SQUARE SHOPPING CTR:1031,1682 N ATHERTON ST:338,THE BENNER PIKE SHOPS:305,WEIS MARKET SHOPPING CTR:42,127 SOUTHRIDGE PLZ:189
2021-09-29-19-30,15 W OLIVE ST:8,HAMILTON SQUARE SHOPPING CTR:1031,1682 N ATHERTON ST:338,THE BENNER PIKE SHOPS:305,WEIS MARKET SHOPPING CTR:42,127 SOUTHRIDGE PLZ:189
2021-09-29-20-00,15 W OLIVE ST:8,HAMILTON SQUARE SHOPPING CTR:1031,1682 N ATHERTON ST:338,THE BENNER PIKE SHOPS:305,WEIS MARKET SHOPPING CTR:42,127 SOUTHRIDGE PLZ:189
2021-09-29-20-30,15 W OLIVE ST:8,HAMILTON SQUARE SHOPPING CTR:1031,1682 N ATHERTON ST:338,THE BENNER PIKE SHOPS:305,WEIS MARKET SHOPPING CTR:42,127 SOUTHRIDGE PLZ:189
2021-09-29-21-00,15 W OLIVE ST:8,HAMILTON SQUARE SHOPPING CTR:1031,1682 N ATHERTON ST:338,THE BENNER PIKE SHOPS:305,WEIS MARKET SHOPPING CTR:42,127 SOUTHRIDGE PLZ:189
2021-09-29-21-30,15 W OLIVE ST:8,HAMILTON SQUARE SHOPPING CTR:1031,1682 N ATHERTON ST:338,THE BENNER PIKE SHOPS:305,WEIS MARKET SHOPPING CTR:42,127 SOUTHRIDGE PLZ:189
2021-09-29-22-00,15 W OLIVE ST:8,HAMILTON SQUARE SHOPPING CTR:1031,1682 N ATHERTON ST:338,THE BENNER PIKE SHOPS:305,WEIS MARKET SHOPPING CTR:42,127 SOUTHRIDGE PLZ:189
2021-09-29-22-30,15 W OLIVE ST:8,HAMILTON SQUARE SHOPPING CTR:1031,1682 N ATHERTON ST:338,THE BENNER PIKE SHOPS:305,WEIS MARKET SHOPPING CTR:42,127 SOUTHRIDGE PLZ:189
2021-09-29-23-00,15 W OLIVE ST:8,HAMILTON SQUARE SHOPPING CTR:1031,1682 N ATHERTON ST:338,THE BENNER PIKE SHOPS:305,WEIS MARKET SHOPPING CTR:42,127 SOUTHRIDGE PLZ:189
2021-09-29-23-30,15 W OLIVE ST:8,HAMILTON SQUARE SHOPPING CTR:1031,1682 N ATHERTON ST:338,THE BENNER PIKE SHOPS:305,WEIS MARKET SHOPPING CTR:42,127 SOUTHRIDGE PLZ:189
2021-09-30-00-00,15 W OLIVE ST:8,HAMILTON SQUARE SHOPPING CTR:1031,1682 N ATHERTON ST:338,THE BENNER PIKE SHOPS:305,WEIS MARKET SHOPPING CTR:42,127 SOUTHRIDGE PLZ:189
2021-09-30-00-30,15 W OLIVE ST:8,HAMILTON SQUARE SHOPPING CTR:1031,1682 N ATHERTON ST:338,THE BENNER PIKE SHOPS:305,WEIS MARKET SHOPPING CTR:42,127 SOUTHRIDGE PLZ:189
2021-09-30-01-00,15 W OLIVE ST:8,HAMILTON SQUARE SHOPPING CTR:1031,1682 N ATHERTON ST:338,THE BENNER PIKE SHOPS:305,WEIS MARKET SHOPPING CTR:42,127 SOUTHRIDGE PLZ:189
2021-09-30-01-30,15 W OLIVE ST:8,HAMILTON SQUARE SHOPPING CTR:1031,1682 N ATHERTON ST:338,THE BENNER PIKE SHOPS:305,WEIS MARKET SHOPPING CTR:42,127 SOUTHRIDGE PLZ:189
2021-09-30-02-00,15 W OLIVE ST:8,HAMILTON SQUARE SHOPPING CTR:1031,1682 N ATHERTON ST:338,THE BENNER PIKE SHOPS:305,WEIS MARKET SHOPPING CTR:42,127 SOUTHRIDGE PLZ:189
2021-09-30-02-30,15 W OLIVE ST:8,HAMILTON SQUARE SHOPPING CTR:1031,1682 N ATHERTON ST:338,THE BENNER PIKE SHOPS:305,WEIS MARKET SHOPPING CTR:42,127 SOUTHRIDGE PLZ:189
2021-09-30-03-00,15 W OLIVE ST:8,HAMILTON SQUARE SHOPPING CTR:1031,1682 N ATHERTON ST:338,THE BENNER PIKE SHOPS:305,WEIS MARKET SHOPPING CTR:42,127 SOUTHRIDGE PLZ:189
2021-09-30-03-30,15 W OLIVE ST:8,HAMILTON SQUARE SHOPPING CTR:1031,1682 N ATHERTON ST:338,THE BENNER PIKE SHOPS:305,WEIS MARKET SHOPPING CTR:42,127 SOUTHRIDGE PLZ:189
2021-09-30-04-00,15 W OLIVE ST:8,HAMILTON SQUARE SHOPPING CTR:1031,1682 N ATHERTON ST:338,THE BENNER PIKE SHOPS:305,WEIS MARKET SHOPPING CTR:42,127 SOUTHRIDGE PLZ:189
2021-09-30-04-30,15 W OLIVE ST:8,HAMILTON SQUARE SHOPPING CTR:1031,1682 N ATHERTON ST:338,THE BENNER PIKE SHOPS:305,WEIS MARKET SHOPPING CTR:42,127 SOUTHRIDGE PLZ:189
2021-09-30-05-00,15 W OLIVE ST:8,HAMILTON SQUARE SHOPPING CTR:1031,1682 N ATHERTON ST:338,THE BENNER PIKE SHOPS:305,WEIS MARKET SHOPPING CTR:42,127 SOUTHRIDGE PLZ:189
2021-09-30-05-30,15 W OLIVE ST:8,HAMILTON SQUARE SHOPPING CTR:1031,1682 N ATHERTON ST:338,THE BENNER PIKE SHOPS:305,WEIS MARKET SHOPPING CTR:42,127 SOUTHRIDGE PLZ:189
2021-09-30-06-00,15 W OLIVE ST:8,HAMILTON SQUARE SHOPPING CTR:1031,1682 N ATHERTON ST:338,THE BENNER PIKE SHOPS:305,WEIS MARKET SHOPPING CTR:42,127 SOUTHRIDGE PLZ:189
2021-09-30-06-30,15 W OLIVE ST:8,HAMILTON SQUARE SHOPPING CTR:1031,1682 N ATHERTON ST:338,THE BENNER PIKE SHOPS:305,WEIS MARKET SHOPPING CTR:42,127 SOUTHRIDGE PLZ:189
2021-09-30-07-00,15 W OLIVE ST:8,HAMILTON SQUARE SHOPPING CTR:1000,1682 N ATHERTON ST:312,THE BENNER PIKE SHOPS:299,WEIS MARKET SHOPPING CTR:38,127 SOUTHRIDGE PLZ:182
2021-09-30-07-30,15 W OLIVE ST:8,HAMILTON SQUARE SHOPPING CTR:1000,1682 N ATHERTON ST:312,THE BENNER PIKE SHOPS:299,WEIS MARKET SHOPPING CTR:38,127 SOUTHRIDGE PLZ:182
2021-09-30-08-00,15 W OLIVE ST:8,HAMILTON SQUARE SHOPPING CTR:1000,1682 N ATHERTON ST:312,THE BENNER PIKE SHOPS:299,WEIS MARKET SHOPPING CTR:38,127 SOUTHRIDGE PLZ:182
2021-09-30-08-30,15 W OLIVE ST:8,HAMILTON SQUARE SHOPPING CTR:1000,1682 N ATHERTON ST:312,THE BENNER PIKE SHOPS:299,WEIS MARKET SHOPPING CTR:38,127 SOUTHRIDGE PLZ:182
2021-09-30-09-00,15 W OLIVE ST:8,HAMILTON SQUARE SHOPPING CTR:1000,1682 N ATHERTON ST:312,THE BENNER PIKE SHOPS:299,WEIS MARKET SHOPPING CTR:38,127 SOUTHRIDGE PLZ:182
2021-09-30-09-30,15 W OLIVE ST:8,HAMILTON SQUARE SHOPPING CTR:1000,1682 N ATHERTON ST:312,THE BENNER PIKE SHOPS:299,WEIS MARKET SHOPPING CTR:38,127 SOUTHRIDGE PLZ:182
2021-09-30-10-00,15 W OLIVE ST:8,HAMILTON SQUARE SHOPPING CTR:1000,1682 N ATHERTON ST:312,THE BENNER PIKE SHOPS:299,WEIS MARKET SHOPPING CTR:38,127 SOUTHRIDGE PLZ:182
2021-09-30-10-30,15 W OLIVE ST:8,HAMILTON SQUARE SHOPPING CTR:1000,1682 N ATHERTON ST:312,THE BENNER PIKE SHOPS:299,WEIS MARKET SHOPPING CTR:38,127 SOUTHRIDGE PLZ:182
2021-09-30-11-00,15 W OLIVE ST:8,HAMILTON SQUARE SHOPPING CTR:1000,1682 N ATHERTON ST:312,THE BENNER PIKE SHOPS:299,WEIS MARKET SHOPPING CTR:38,127 SOUTHRIDGE PLZ:182
2021-09-30-11-30,15 W OLIVE ST:8,HAMILTON SQUARE SHOPPING CTR:1000,1682 N ATHERTON ST:312,THE BENNER PIKE SHOPS:299,WEIS MARKET SHOPPING CTR:38,127 SOUTHRIDGE PLZ:182
2021-09-30-12-00,15 W OLIVE ST:8,HAMILTON SQUARE SHOPPING CTR:1000,1682 N ATHERTON ST:312,THE BENNER PIKE SHOPS:299,WEIS MARKET SHOPPING CTR:38,127 SOUTHRIDGE PLZ:182
2021-09-30-12-30,15 W OLIVE ST:8,HAMILTON SQUARE SHOPPING CTR:1000,1682 N ATHERTON ST:312,THE BENNER PIKE SHOPS:299,WEIS MARKET SHOPPING CTR:38,127 SOUTHRIDGE PLZ:182
2021-09-30-13-00,15 W OLIVE ST:8,HAMILTON SQUARE SHOPPING CTR:1000,1682 N ATHERTON ST:312,THE BENNER PIKE SHOPS:299,WEIS MARKET SHOPPING CTR:38,127 SOUTHRIDGE PLZ:182
2021-09-30-13-30,15 W OLIVE ST:8,HAMILTON SQUARE SHOPPING CTR:1000,1682 N ATHERTON ST:312,THE BENNER PIKE SHOPS:299,WEIS MARKET SHOPPING CTR:38,127 SOUTHRIDGE PLZ:182
2021-09-30-14-00,15 W OLIVE ST:8,HAMILTON SQUARE SHOPPING CTR:1000,1682 N ATHERTON ST:312,THE BENNER PIKE SHOPS:299,WEIS MARKET SHOPPING CTR:38,127 SOUTHRIDGE PLZ:182
2021-09-30-14-30,15 W OLIVE ST:8,HAMILTON SQUARE SHOPPING CTR:1000,1682 N ATHERTON ST:312,THE BENNER PIKE SHOPS:299,WEIS MARKET SHOPPING CTR:38,127 SOUTHRIDGE PLZ:182
2021-09-30-15-00,15 W OLIVE ST:8,HAMILTON SQUARE SHOPPING CTR:1000,1682 N ATHERTON ST:312,THE BENNER PIKE SHOPS:299,WEIS MARKET SHOPPING CTR:38,127 SOUTHRIDGE PLZ:182
2021-09-30-15-30,15 W OLIVE ST:8,HAMILTON SQUARE SHOPPING CTR:1000,1682 N ATHERTON ST:312,THE BENNER PIKE SHOPS:299,WEIS MARKET SHOPPING CTR:38,127 SOUTHRIDGE PLZ:182
2021-09-30-16-00,15 W OLIVE ST:8,HAMILTON SQUARE SHOPPING CTR:1000,1682 N ATHERTON ST:312,THE BENNER PIKE SHOPS:299,WEIS MARKET SHOPPING CTR:38,127 SOUTHRIDGE PLZ:182
2021-09-30-16-30,15 W OLIVE ST:8,HAMILTON SQUARE SHOPPING CTR:1000,1682 N ATHERTON ST:312,THE BENNER PIKE SHOPS:299,WEIS MARKET SHOPPING CTR:38,127 SOUTHRIDGE PLZ:182
2021-09-30-17-00,15 W OLIVE ST:8,HAMILTON SQUARE SHOPPING CTR:1000,1682 N ATHERTON ST:312,THE BENNER PIKE SHOPS:299,WEIS MARKET SHOPPING CTR:38,127 SOUTHRIDGE PLZ:182
2021-09-30-17-30,15 W OLIVE ST:8,HAMILTON SQUARE SHOPPING CTR:1000,1682 N ATHERTON ST:312,THE BENNER PIKE SHOPS:299,WEIS MARKET SHOPPING CTR:38,127 SOUTHRIDGE PLZ:182
2021-09-30-18-00,15 W OLIVE ST:8,HAMILTON SQUARE SHOPPING CTR:1000,1682 N ATHERTON ST:312,THE BENNER PIKE SHOPS:299,WEIS MARKET SHOPPING CTR:38,127 SOUTHRIDGE PLZ:182
2021-09-30-18-30,15 W OLIVE ST:8,HAMILTON SQUARE SHOPPING CTR:1000,1682 N ATHERTON ST:312,THE BENNER PIKE SHOPS:299,WEIS MARKET SHOPPING CTR:38,127 SOUTHRIDGE PLZ:182
2021-09-30-19-00,15 W OLIVE ST:8,HAMILTON SQUARE SHOPPING CTR:1000,1682 N ATHERTON ST:312,THE BENNER PIKE SHOPS:299,WEIS MARKET SHOPPING CTR:38,127 SOUTHRIDGE PLZ:182
2021-09-30-19-30,15 W OLIVE ST:8,HAMILTON SQUARE SHOPPING CTR:1000,1682 N ATHERTON ST:312,THE BENNER PIKE SHOPS:299,WEIS MARKET SHOPPING CTR:38,127 SOUTHRIDGE PLZ:182
2021-09-30-20-00,15 W OLIVE ST:8,HAMILTON SQUARE SHOPPING CTR:1000,1682 N ATHERTON ST:312,THE BENNER PIKE SHOPS:299,WEIS MARKET SHOPPING CTR:38,127 SOUTHRIDGE PLZ:182
2021-09-30-20-30,15 W OLIVE ST:8,HAMILTON SQUARE SHOPPING CTR:1000,1682 N ATHERTON ST:312,THE BENNER PIKE SHOPS:299,WEIS MARKET SHOPPING CTR:38,127 SOUTHRIDGE PLZ:182
2021-09-30-21-00,15 W OLIVE ST:8,HAMILTON SQUARE SHOPPING CTR:1000,1682 N ATHERTON ST:312,THE BENNER PIKE SHOPS:299,WEIS MARKET SHOPPING CTR:38,127 SOUTHRIDGE PLZ:182
2021-09-30-21-30,15 W OLIVE ST:8,HAMILTON SQUARE SHOPPING CTR:1000,1682 N ATHERTON ST:312,THE BENNER PIKE SHOPS:299,WEIS MARKET SHOPPING CTR:38,127 SOUTHRIDGE PLZ:182
2021-09-30-22-00,15 W OLIVE ST:8,HAMILTON SQUARE SHOPPING CTR:1000,1682 N ATHERTON ST:312,THE BENNER PIKE SHOPS:299,WEIS MARKET SHOPPING CTR:38,127 SOUTHRIDGE PLZ:182
2021-09-30-22-30,15 W OLIVE ST:8,HAMILTON SQUARE SHOPPING CTR:1000,1682 N ATHERTON ST:312,THE BENNER PIKE SHOPS:299,WEIS MARKET SHOPPING CTR:38,127 SOUTHRIDGE PLZ:182
2021-09-30-23-00,15 W OLIVE ST:8,HAMILTON SQUARE SHOPPING CTR:1000,1682 N ATHERTON ST:312,THE BENNER PIKE SHOPS:299,WEIS MARKET SHOPPING CTR:38,127 SOUTHRIDGE PLZ:182
2021-09-30-23-30,15 W OLIVE ST:8,HAMILTON SQUARE SHOPPING CTR:1000,1682 N ATHERTON ST:312,THE BENNER PIKE SHOPS:299,WEIS MARKET SHOPPING CTR:38,127 SOUTHRIDGE PLZ:182
2021-10-01-00-00,15 W OLIVE ST:8,HAMILTON SQUARE SHOPPING CTR:1000,1682 N ATHERTON ST:312,THE BENNER PIKE SHOPS:299,WEIS MARKET SHOPPING CTR:38,127 SOUTHRIDGE PLZ:182
2021-10-01-00-30,15 W OLIVE ST:8,HAMILTON SQUARE SHOPPING CTR:1000,1682 N ATHERTON ST:312,THE BENNER PIKE SHOPS:299,WEIS MARKET SHOPPING CTR:38,127 SOUTHRIDGE PLZ:182
2021-10-01-01-00,15 W OLIVE ST:8,HAMILTON SQUARE SHOPPING CTR:1000,1682 N ATHERTON ST:312,THE BENNER PIKE SHOPS:299,WEIS MARKET SHOPPING CTR:38,127 SOUTHRIDGE PLZ:182
2021-10-01-01-30,15 W OLIVE ST:8,HAMILTON SQUARE SHOPPING CTR:1000,1682 N ATHERTON ST:312,THE BENNER PIKE SHOPS:299,WEIS MARKET SHOPPING CTR:38,127 SOUTHRIDGE PLZ:182
2021-10-01-02-00,15 W OLIVE ST:8,HAMILTON SQUARE SHOPPING CTR:1000,1682 N ATHERTON ST:312,THE BENNER PIKE SHOPS:299,WEIS MARKET SHOPPING CTR:38,127 SOUTHRIDGE PLZ:182
2021-10-01-02-30,15 W OLIVE ST:8,HAMILTON SQUARE SHOPPING CTR:1000,1682 N ATHERTON ST:312,THE BENNER PIKE SHOPS:299,WEIS MARKET SHOPPING CTR:38,127 SOUTHRIDGE PLZ:182
2021-10-01-03-00,15 W OLIVE ST:8,HAMILTON SQUARE SHOPPING CTR:1000,1682 N ATHERTON ST:312,THE BENNER PIKE SHOPS:299,WEIS MARKET SHOPPING CTR:38,127 SOUTHRIDGE PLZ:182
2021-10-01-03-30,15 W OLIVE ST:8,HAMILTON SQUARE SHOPPING CTR:1000,1682 N ATHERTON ST:312,THE BENNER PIKE SHOPS:299,WEIS MARKET SHOPPING CTR:38,127 SOUTHRIDGE PLZ:182
2021-10-01-04-00,15 W OLIVE ST:8,HAMILTON SQUARE SHOPPING CTR:1000,1682 N ATHERTON ST:312,THE BENNER PIKE SHOPS:299,WEIS MARKET SHOPPING CTR:38,127 SOUTHRIDGE PLZ:182
2021-10-01-04-30,15 W OLIVE ST:8,HAMILTON SQUARE SHOPPING CTR:1000,1682 N ATHERTON ST:312,THE BENNER PIKE SHOPS:299,WEIS MARKET SHOPPING CTR:38,127 SOUTHRIDGE PLZ:182
2021-10-01-05-00,15 W OLIVE ST:8,HAMILTON SQUARE SHOPPING CTR:1000,1682 N ATHERTON ST:312,THE BENNER PIKE SHOPS:299,WEIS MARKET SHOPPING CTR:38,127 SOUTHRIDGE PLZ:182
2021-10-01-05-30,15 W OLIVE ST:8,HAMILTON SQUARE SHOPPING CTR:1000,1682 N ATHERTON ST:312,THE BENNER PIKE SHOPS:299,WEIS MARKET SHOPPING CTR:38,127 SOUTHRIDGE PLZ:182
2021-10-01-06-00,15 W OLIVE ST:8,HAMILTON SQUARE SHOPPING CTR:1000,1682 N ATHERTON ST:312,THE BENNER PIKE SHOPS:299,WEIS MARKET SHOPPING CTR:38,127 SOUTHRIDGE PLZ:182
2021-10-01-06-30,15 W OLIVE ST:8,HAMILTON SQUARE SHOPPING CTR:1000,1682 N ATHERTON ST:312,THE BENNER PIKE SHOPS:299,WEIS MARKET SHOPPING CTR:38,127 SOUTHRIDGE PLZ:182
2021-10-01-07-00,15 W OLIVE ST:8,HAMILTON SQUARE SHOPPING CTR:764,1682 N ATHERTON ST:496,THE BENNER PIKE SHOPS:275,WEIS MARKET SHOPPING CTR:31,127 SOUTHRIDGE PLZ:164
2021-10-01-07-30,15 W OLIVE ST:8,HAMILTON SQUARE SHOPPING CTR:764,1682 N ATHERTON ST:496,THE BENNER PIKE SHOPS:275,WEIS MARKET SHOPPING CTR:31,127 SOUTHRIDGE PLZ:164
2021-10-01-08-00,15 W OLIVE ST:8,HAMILTON SQUARE SHOPPING CTR:764,1682 N ATHERTON ST:496,THE BENNER PIKE SHOPS:275,WEIS MARKET SHOPPING CTR:31,127 SOUTHRIDGE PLZ:164
2021-10-01-08-30,15 W OLIVE ST:8,HAMILTON SQUARE SHOPPING CTR:764,1682 N ATHERTON ST:496,THE BENNER PIKE SHOPS:275,WEIS MARKET SHOPPING CTR:31,127 SOUTHRIDGE PLZ:164
2021-10-01-09-00,15 W OLIVE ST:8,HAMILTON SQUARE SHOPPING CTR:764,1682 N ATHERTON ST:496,THE BENNER PIKE SHOPS:275,WEIS MARKET SHOPPING CTR:31,127 SOUTHRIDGE PLZ:164
2021-10-01-09-30,15 W OLIVE ST:8,HAMILTON SQUARE SHOPPING CTR:764,1682 N ATHERTON ST:496,THE BENNER PIKE SHOPS:275,WEIS MARKET SHOPPING CTR:31,127 SOUTHRIDGE PLZ:164
2021-10-01-10-00,15 W OLIVE ST:8,HAMILTON SQUARE SHOPPING CTR:764,1682 N ATHERTON ST:496,THE BENNER PIKE SHOPS:275,WEIS MARKET SHOPPING CTR:31,127 SOUTHRIDGE PLZ:164
2021-10-01-10-30,15 W OLIVE ST:8,HAMILTON SQUARE SHOPPING CTR:764,1682 N ATHERTON ST:496,THE BENNER PIKE SHOPS:275,WEIS MARKET SHOPPING CTR:31,127 SOUTHRIDGE PLZ:164
2021-10-01-11-00,15 W OLIVE ST:8,HAMILTON SQUARE SHOPPING CTR:764,1682 N ATHERTON ST:496,THE BENNER PIKE SHOPS:275,WEIS MARKET SHOPPING CTR:31,127 SOUTHRIDGE PLZ:164
2021-10-01-11-30,15 W OLIVE ST:8,HAMILTON SQUARE SHOPPING CTR:764,1682 N ATHERTON ST:496,THE BENNER PIKE SHOPS:275,WEIS MARKET SHOPPING CTR:31,127 SOUTHRIDGE PLZ:164
2021-10-01-12-00,15 W OLIVE ST:8,HAMILTON SQUARE SHOPPING CTR:764,1682 N ATHERTON ST:496,THE BENNER PIKE SHOPS:275,WEIS MARKET SHOPPING CTR:31,127 SOUTHRIDGE PLZ:164
2021-10-01-12-30,15 W OLIVE ST:8,HAMILTON SQUARE SHOPPING CTR:764,1682 N ATHERTON ST:496,THE BENNER PIKE SHOPS:275,WEIS MARKET SHOPPING CTR:31,127 SOUTHRIDGE PLZ:164
2021-10-01-13-00,15 W OLIVE ST:8,HAMILTON SQUARE SHOPPING CTR:764,1682 N ATHERTON ST:496,THE BENNER PIKE SHOPS:275,WEIS MARKET SHOPPING CTR:31,127 SOUTHRIDGE PLZ:164
2021-10-01-13-30,15 W OLIVE ST:8,HAMILTON SQUARE SHOPPING CTR:764,1682 N ATHERTON ST:496,THE BENNER PIKE SHOPS:275,WEIS MARKET SHOPPING CTR:31,127 SOUTHRIDGE PLZ:164
2021-10-01-14-00,15 W OLIVE ST:8,HAMILTON SQUARE SHOPPING CTR:764,1682 N ATHERTON ST:496,THE BENNER PIKE SHOPS:275,WEIS MARKET SHOPPING CTR:31,127 SOUTHRIDGE PLZ:164
2021-10-01-14-30,15 W OLIVE ST:8,HAMILTON SQUARE SHOPPING CTR:764,1682 N ATHERTON ST:496,THE BENNER PIKE SHOPS:275,WEIS MARKET SHOPPING CTR:31,127 SOUTHRIDGE PLZ:164
2021-10-01-15-00,15 W OLIVE ST:8,HAMILTON SQUARE SHOPPING CTR:764,1682 N ATHERTON ST:496,THE BENNER PIKE SHOPS:275,WEIS MARKET SHOPPING CTR:31,127 SOUTHRIDGE PLZ:164
2021-10-01-15-30,15 W OLIVE ST:8,HAMILTON SQUARE SHOPPING CTR:764,1682 N ATHERTON ST:496,THE BENNER PIKE SHOPS:275,WEIS MARKET SHOPPING CTR:31,127 SOUTHRIDGE PLZ:164
2021-10-01-16-00,15 W OLIVE ST:8,HAMILTON SQUARE SHOPPING CTR:764,1682 N ATHERTON ST:496,THE BENNER PIKE SHOPS:275,WEIS MARKET SHOPPING CTR:31,127 SOUTHRIDGE PLZ:164
2021-10-01-16-30,15 W OLIVE ST:8,HAMILTON SQUARE SHOPPING CTR:764,1682 N ATHERTON ST:496,THE BENNER PIKE SHOPS:275,WEIS MARKET SHOPPING CTR:31,127 SOUTHRIDGE PLZ:164
2021-10-01-17-00,15 W OLIVE ST:8,HAMILTON SQUARE SHOPPING CTR:764,1682 N ATHERTON ST:496,THE BENNER PIKE SHOPS:275,WEIS MARKET SHOPPING CTR:31,127 SOUTHRIDGE PLZ:164
2021-10-01-17-30,15 W OLIVE ST:8,HAMILTON SQUARE SHOPPING CTR:764,1682 N ATHERTON ST:496,THE BENNER PIKE SHOPS:275,WEIS MARKET SHOPPING CTR:31,127 SOUTHRIDGE PLZ:164
2021-10-01-18-00,15 W OLIVE ST:8,HAMILTON SQUARE SHOPPING CTR:764,1682 N ATHERTON ST:496,THE BENNER PIKE SHOPS:275,WEIS MARKET SHOPPING CTR:31,127 SOUTHRIDGE PLZ:164
2021-10-01-18-30,15 W OLIVE ST:8,HAMILTON SQUARE SHOPPING CTR:764,1682 N ATHERTON ST:496,THE BENNER PIKE SHOPS:275,WEIS MARKET SHOPPING CTR:31,127 SOUTHRIDGE PLZ:164
2021-10-01-19-00,15 W OLIVE ST:8,HAMILTON SQUARE SHOPPING CTR:764,1682 N ATHERTON ST:496,THE BENNER PIKE SHOPS:275,WEIS MARKET SHOPPING CTR:31,127 SOUTHRIDGE PLZ:164
2021-10-01-19-30,15 W OLIVE ST:8,HAMILTON SQUARE SHOPPING CTR:764,1682 N ATHERTON ST:496,THE BENNER PIKE SHOPS:275,WEIS MARKET SHOPPING CTR:31,127 SOUTHRIDGE PLZ:164
2021-10-01-20-00,15 W OLIVE ST:8,HAMILTON SQUARE SHOPPING CTR:764,1682 N ATHERTON ST:496,THE BENNER PIKE SHOPS:275,WEIS MARKET SHOPPING CTR:31,127 SOUTHRIDGE PLZ:164
2021-10-01-20-30,15 W OLIVE ST:8,HAMILTON SQUARE SHOPPING CTR:764,1682 N ATHERTON ST:496,THE BENNER PIKE SHOPS:275,WEIS MARKET SHOPPING CTR:31,127 SOUTHRIDGE PLZ:164
2021-10-01-21-00,15 W OLIVE ST:8,HAMILTON SQUARE SHOPPING CTR:764,1682 N ATHERTON ST:496,THE BENNER PIKE SHOPS:275,WEIS MARKET SHOPPING CTR:31,127 SOUTHRIDGE PLZ:164
2021-10-01-21-30,15 W OLIVE ST:8,HAMILTON SQUARE SHOPPING CTR:764,1682 N ATHERTON ST:496,THE BENNER PIKE SHOPS:275,WEIS MARKET SHOPPING CTR:31,127 SOUTHRIDGE PLZ:164
2021-10-01-22-00,15 W OLIVE ST:8,HAMILTON SQUARE SHOPPING CTR:764,1682 N ATHERTON ST:496,THE BENNER PIKE SHOPS:275,WEIS MARKET SHOPPING CTR:31,127 SOUTHRIDGE PLZ:164
2021-10-01-22-30,15 W OLIVE ST:8,HAMILTON SQUARE SHOPPING CTR:764,1682 N ATHERTON ST:496,THE BENNER PIKE SHOPS:275,WEIS MARKET SHOPPING CTR:31,127 SOUTHRIDGE PLZ:164
